Workbook

Sheet Data
A1: درصد پیشرفت کل پروژه | H1: درصد پیشرفت مهندسی | I1: درصد پیشرفت خرید | J1: درصد پیشرفت فونداسیون | K1: درصد پیشرفت ساخت | L1: درصد پیشرفت نصب | M1: درصد پیشرفت سفت کاری | N1: درصد پیشرفت نازک کاری | O1: وضعیت آب و هوا | AC1: وضعیت آب و هوا | AF1: صورت وضعیت | AL1: عملکرد پیمانکاران | AQ1: درصد پیشرفت مهندسی | AS1: درصد پیشرفت خرید | AU1: درصد پیشرفت فونداسیون | AW1: درصد پیشرفت ساخت | AY1: درصد پیشرفت نصب | BA1: درصد پیشرفت سفت کاری | BC1: درصد پیشرفت نازک کاری | BE1: وضعیت HSE
A2: شماره گزارش | B2: تاریخ میلادی | C2: گزارش هفتگی | D2: برنامه ای | E2: واقعی | F2: =Dashboard!A1 -> 131 | G2: lable text | O2: کمترین | V2: بیشترین | AC2: تاریخ | AD2: کمترین | AE2: بیشترین | AF2: شماره | AG2: تاریخ شمسی | AH2: شماره | AI2: ارسالی | AJ2: تاییدی | AK2: اختلاف | AL2: پیمانکار شماره 1 | AM2: پیمانکار شماره 2 | AN2: پیمانکار شماره 3 | AO2: پیمانکار شماره 4 | AP2: پیمانکار شماره 5 | AQ2: واقعی | AR2: برنامه ای | AS2: واقعی | AT2: برنامه ای | AU2: واقعی | AV2: برنامه ای | AW2: واقعی | AX2: برنامه ای | AY2: واقعی | AZ2: برنامه ای | BA2: واقعی | BB2: برنامه ای | BC2: واقعی | BD2: برنامه ای | BE2: شماره | BF2: تاریخ شمسی | BG2: شماره | BH2: پیمانکار 1 | BI2: پیمانکار 2 | BJ2: پیمانکار 3 | BK2: پیمانکار 4
A3: 1 | B3: 43929 | C3: =TEXT(B3,"[$-fa-IR,16]yyyy/mm/dd") -> 1399/01/20 | D3: 0 | E3: 0 | F3: =IF($F$2=A3,E3,NA()) -> #N/A | G3: ="تاریخ: "&C3&CHAR(10)&"درصد پیشرفت برنامه ای: "&ROUND(D3*100,2)&"%"&CHAR(10)&"درصد پیشرفت واقعی: "&ROUND(E3*100,2)&"%" -> تاریخ: 1399/01/20 درصد پیشرفت برنامه ای: 0% درصد پیشرفت واقعی: 0% | H3: 0 | I3: 0 | J3: 0 | K3: 0 | L3: 0 | M3: 0 | N3: 0 | O3: 15 | P3: 16 | Q3: 18 | R3: 18 | S3: 15 | T3: 15 | U3: 14 | V3: =O3+3 -> 18 | W3: =P3+4 -> 20 | X3: =Q3+4 -> 22 | Y3: =R3+1 -> 19 | Z3: =S3+3 -> 18 | AA3: =T3+1 -> 16 | AB3: =U3+5 -> 19 | AC3: =INDEX(B:B,MATCH(F2,A:A,0),1) -> 44839 | AD3: {=TRANSPOSE(INDEX(O:U,MATCH(F2,A:A,0),))} -> 24 | AE3: {=TRANSPOSE(INDEX(V:AB,MATCH(F2,A:A,0),))} -> 27 | AF3: =INDEX(A:G,MATCH(AG3,C:C,0),1) -> 7 | AG3: 1399/02/31 | AH3: 1 | AI3: 15120000000 | AJ3: 15067000000 | AK3: =AI3-AJ3 -> 53000000 | AL3: 0.5 | AM3: 0.62 | AN3: 0.78 | AO3: 0.42 | AP3: 0.8 | AQ3: =H3 -> 0 | AR3: 0.03 | AS3: =I3 -> 0 | AT3: 0 | AU3: =J3 -> 0 | AV3: 0 | AW3: =K3 -> 0 | AX3: 0 | AY3: =L3 -> 0 | AZ3: 0 | BA3: =M3 -> 0 | BB3: 0 | BC3: =N3 -> 0 | BD3: 0 | BE3: 7 | BF3: 1399/02/31 | BG3: 1 | BH3: 0.55 | BI3: 0.55 | BJ3: 0.77 | BK3: 0.45
A4: 2 | B4: 43936 | C4: =TEXT(B4,"[$-fa-IR,16]yyyy/mm/dd") -> 1399/01/27 | D4: 0.013 | E4: 0 | F4: =IF($F$2=A4,E4,NA()) -> #N/A | G4: ="تاریخ: "&C4&CHAR(10)&"درصد پیشرفت برنامه ای: "&ROUND(D4*100,2)&"%"&CHAR(10)&"درصد پیشرفت واقعی: "&ROUND(E4*100,2)&"%" -> تاریخ: 1399/01/27 درصد پیشرفت برنامه ای: 1.3% درصد پیشرفت واقعی: 0% | H4: 0.05 | I4: 0 | J4: 0 | K4: 0 | L4: 0 | M4: 0 | N4: 0 | O4: =U3 -> 14 | P4: 15 | Q4: 15 | R4: 18 | S4: 17 | T4: 18 | U4: 19 | V4: =O4+3 -> 17 | W4: =P4+4 -> 19 | X4: =Q4+4 -> 19 | Y4: =R4+1 -> 19 | Z4: =S4+3 -> 20 | AA4: =T4+1 -> 19 | AB4: =U4+5 -> 24 | AC4: =AC3+1 -> 44840 | AD4: 23 | AE4: 27 | AF4: =INDEX(A:G,MATCH(AG4,C:C,0),1) -> 11 | AG4: 1399/03/28 | AH4: 2 | AI4: 21000000000 | AJ4: 20927000000 | AK4: =AI4-AJ4 -> 73000000 | AL4: 0.6 | AM4: 0.9 | AN4: 0.5 | AO4: 0.5 | AP4: 0.62 | AQ4: =H4 -> 0.05 | AR4: 0.07 | AS4: =I4 -> 0 | AT4: 0 | AU4: =J4 -> 0 | AV4: 0 | AW4: =K4 -> 0 | AX4: 0 | AY4: =L4 -> 0 | AZ4: 0 | BA4: =M4 -> 0 | BB4: 0 | BC4: =N4 -> 0 | BD4: 0 | BE4: 11 | BF4: 1399/03/28 | BG4: 2 | BH4: 0.6 | BI4: 0.6 | BJ4: 0.2 | BK4: 0.52
A5: 3 | B5: 43943 | C5: =TEXT(B5,"[$-fa-IR,16]yyyy/mm/dd") -> 1399/02/03 | D5: 0.018 | E5: 0.00504 | F5: =IF($F$2=A5,E5,NA()) -> #N/A | G5: ="تاریخ: "&C5&CHAR(10)&"درصد پیشرفت برنامه ای: "&ROUND(D5*100,2)&"%"&CHAR(10)&"درصد پیشرفت واقعی: "&ROUND(E5*100,2)&"%" -> تاریخ: 1399/02/03 درصد پیشرفت برنامه ای: 1.8% درصد پیشرفت واقعی: 0.5% | H5: =H4+7% -> 0.12 | I5: 0 | J5: 0 | K5: 0 | L5: 0 | M5: 0 | N5: 0 | O5: =U4 -> 19 | P5: 19 | Q5: 17 | R5: 17 | S5: 19 | T5: 20 | U5: 21 | V5: =O5+3 -> 22 | W5: =P5+4 -> 23 | X5: =Q5+4 -> 21 | Y5: =R5+1 -> 18 | Z5: =S5+3 -> 22 | AA5: =T5+1 -> 21 | AB5: =U5+5 -> 26 | AC5: =AC4+1 -> 44841 | AD5: 24 | AE5: 28 | AF5: =INDEX(A:G,MATCH(AG5,C:C,0),1) -> 15 | AG5: 1399/04/25 | AH5: 3 | AI5: 47880000000 | AJ5: 47712000000 | AK5: =AI5-AJ5 -> 168000000 | AL5: 0.66 | AM5: 0.7 | AN5: 0.8 | AO5: 0.55 | AP5: 0.5 | AQ5: =H5 -> 0.12 | AR5: 0.15 | AS5: =I5 -> 0 | AT5: 0.02 | AU5: =J5 -> 0 | AV5: 0 | AW5: =K5 -> 0 | AX5: 0 | AY5: =L5 -> 0 | AZ5: 0 | BA5: =M5 -> 0 | BB5: 0 | BC5: =N5 -> 0 | BD5: 0 | BE5: 15 | BF5: 1399/04/25 | BG5: 3 | BH5: 0.45 | BI5: 0.45 | BJ5: 0.45 | BK5: 0.62
A6: 4 | B6: 43950 | C6: =TEXT(B6,"[$-fa-IR,16]yyyy/mm/dd") -> 1399/02/10 | D6: 0.027 | E6: 0.00504 | F6: =IF($F$2=A6,E6,NA()) -> #N/A | G6: ="تاریخ: "&C6&CHAR(10)&"درصد پیشرفت برنامه ای: "&ROUND(D6*100,2)&"%"&CHAR(10)&"درصد پیشرفت واقعی: "&ROUND(E6*100,2)&"%" -> تاریخ: 1399/02/10 درصد پیشرفت برنامه ای: 2.7% درصد پیشرفت واقعی: 0.5% | H6: =H5+7% -> 0.19 | I6: 0 | J6: 0 | K6: 0 | L6: 0 | M6: 0 | N6: 0 | O6: =U5 -> 21 | P6: 22 | Q6: 22 | R6: 23 | S6: 21 | T6: 22 | U6: 24 | V6: =O6+3 -> 24 | W6: =P6+4 -> 26 | X6: =Q6+4 -> 26 | Y6: =R6+1 -> 24 | Z6: =S6+3 -> 24 | AA6: =T6+1 -> 23 | AB6: =U6+5 -> 29 | AC6: =AC5+1 -> 44842 | AD6: 23 | AE6: 24 | AF6: =INDEX(A:G,MATCH(AG6,C:C,0),1) -> 19 | AG6: 1399/05/22 | AH6: 4 | AI6: 71400000000 | AJ6: 71150000000 | AK6: =AI6-AJ6 -> 250000000 | AL6: 0.55 | AM6: 0.4 | AN6: 0.4 | AO6: 0.9 | AP6: 0.8 | AQ6: =H6 -> 0.19 | AR6: 0.21 | AS6: =I6 -> 0 | AT6: 0.05 | AU6: =J6 -> 0 | AV6: 0 | AW6: =K6 -> 0 | AX6: 0 | AY6: =L6 -> 0 | AZ6: 0 | BA6: =M6 -> 0 | BB6: 0 | BC6: =N6 -> 0 | BD6: 0 | BE6: 19 | BF6: 1399/05/22 | BG6: 4 | BH6: 0.77 | BI6: 0.52 | BJ6: 0.52 | BK6: 0.64
A7: 5 | B7: 43957 | C7: =TEXT(B7,"[$-fa-IR,16]yyyy/mm/dd") -> 1399/02/17 | D7: 0.036 | E7: 0.00504 | F7: =IF($F$2=A7,E7,NA()) -> #N/A | G7: ="تاریخ: "&C7&CHAR(10)&"درصد پیشرفت برنامه ای: "&ROUND(D7*100,2)&"%"&CHAR(10)&"درصد پیشرفت واقعی: "&ROUND(E7*100,2)&"%" -> تاریخ: 1399/02/17 درصد پیشرفت برنامه ای: 3.6% درصد پیشرفت واقعی: 0.5% | H7: =H6+7% -> 0.26 | I7: 0.03 | J7: 0 | K7: 0 | L7: 0 | M7: 0 | N7: 0 | O7: =U6 -> 24 | P7: 23 | Q7: 24 | R7: 23 | S7: 25 | T7: 25 | U7: 26 | V7: =O7+3 -> 27 | W7: =P7+4 -> 27 | X7: =Q7+4 -> 28 | Y7: =R7+1 -> 24 | Z7: =S7+3 -> 28 | AA7: =T7+1 -> 26 | AB7: =U7+5 -> 31 | AC7: =AC6+1 -> 44843 | AD7: 25 | AE7: 28 | AF7: =INDEX(A:G,MATCH(AG7,C:C,0),1) -> 23 | AG7: 1399/06/19 | AH7: 5 | AI7: 111720000000 | AJ7: 111329000000 | AK7: =AI7-AJ7 -> 391000000 | AL7: 0.7 | AM7: 0.55 | AN7: 0.1 | AO7: 0.4 | AP7: 0.9 | AQ7: =H7 -> 0.26 | AR7: 0.29 | AS7: =I7 -> 0.03 | AT7: =AT6+1.2% -> 0.062 | AU7: =J7 -> 0 | AV7: 0 | AW7: =K7 -> 0 | AX7: 0 | AY7: =L7 -> 0 | AZ7: 0 | BA7: =M7 -> 0 | BB7: 0 | BC7: =N7 -> 0 | BD7: 0 | BE7: 23 | BF7: 1399/06/19 | BG7: 5 | BH7: 0.2 | BI7: 0.62 | BJ7: 0.62 | BK7: 0.65
A8: 6 | B8: 43964 | C8: =TEXT(B8,"[$-fa-IR,16]yyyy/mm/dd") -> 1399/02/24 | D8: 0.045 | E8: 0.00504 | F8: =IF($F$2=A8,E8,NA()) -> #N/A | G8: ="تاریخ: "&C8&CHAR(10)&"درصد پیشرفت برنامه ای: "&ROUND(D8*100,2)&"%"&CHAR(10)&"درصد پیشرفت واقعی: "&ROUND(E8*100,2)&"%" -> تاریخ: 1399/02/24 درصد پیشرفت برنامه ای: 4.5% درصد پیشرفت واقعی: 0.5% | H8: =H7+7% -> 0.33 | I8: =I7+1% -> 0.04 | J8: 0 | K8: 0 | L8: 0 | M8: 0 | N8: 0 | O8: =U7 -> 26 | P8: 25 | Q8: 25 | R8: 26 | S8: 26 | T8: 25 | U8: 25 | V8: =O8+3 -> 29 | W8: =P8+4 -> 29 | X8: =Q8+4 -> 29 | Y8: =R8+1 -> 27 | Z8: =S8+3 -> 29 | AA8: =T8+1 -> 26 | AB8: =U8+5 -> 30 | AC8: =AC7+1 -> 44844 | AD8: 25 | AE8: 26 | AF8: =INDEX(A:G,MATCH(AG8,C:C,0),1) -> 27 | AG8: 1399/07/16 | AH8: 6 | AI8: 140828000000 | AJ8: 140335000000 | AK8: =AI8-AJ8 -> 493000000 | AL8: 0.4 | AM8: 0.69 | AN8: 0.5 | AO8: 0.2 | AP8: 0.4 | AQ8: =H8 -> 0.33 | AR8: 0.39 | AS8: =I8 -> 0.04 | AT8: =AT7+1.2% -> 0.074 | AU8: =J8 -> 0 | AV8: 0 | AW8: =K8 -> 0 | AX8: 0 | AY8: =L8 -> 0 | AZ8: 0 | BA8: =M8 -> 0 | BB8: 0 | BC8: =N8 -> 0 | BD8: 0 | BE8: 27 | BF8: 1399/07/16 | BG8: 6 | BH8: 0.45 | BI8: 0.4 | BJ8: 0.4 | BK8: 0.62
A9: 7 | B9: 43971 | C9: =TEXT(B9,"[$-fa-IR,16]yyyy/mm/dd") -> 1399/02/31 | D9: 0.054 | E9: 0.01008 | F9: =IF($F$2=A9,E9,NA()) -> #N/A | G9: ="تاریخ: "&C9&CHAR(10)&"درصد پیشرفت برنامه ای: "&ROUND(D9*100,2)&"%"&CHAR(10)&"درصد پیشرفت واقعی: "&ROUND(E9*100,2)&"%" -> تاریخ: 1399/02/31 درصد پیشرفت برنامه ای: 5.4% درصد پیشرفت واقعی: 1.01% | H9: =H8+4% -> 0.37 | I9: =I8+1% -> 0.05 | J9: 0 | K9: 0 | L9: 0 | M9: 0 | N9: 0 | O9: =U8 -> 25 | P9: 26 | Q9: 26 | R9: 27 | S9: 28 | T9: 29 | U9: 29 | V9: =O9+3 -> 28 | W9: =P9+4 -> 30 | X9: =Q9+4 -> 30 | Y9: =R9+1 -> 28 | Z9: =S9+3 -> 31 | AA9: =T9+1 -> 30 | AB9: =U9+5 -> 34 | AC9: =AC8+1 -> 44845 | AD9: 26 | AE9: 31 | AF9: =INDEX(A:G,MATCH(AG9,C:C,0),1) -> 31 | AG9: 1399/08/14 | AH9: 7 | AI9: 194882000000 | AJ9: 194200000000 | AK9: =AI9-AJ9 -> 682000000 | AL9: 0.35 | AM9: 0.4 | AN9: 0.9 | AO9: 0.8 | AP9: 0.2 | AQ9: =H9 -> 0.37 | AR9: 0.42 | AS9: =I9 -> 0.05 | AT9: =AT8+1.2% -> 0.086 | AU9: =J9 -> 0 | AV9: 0 | AW9: =K9 -> 0 | AX9: 0 | AY9: =L9 -> 0 | AZ9: 0 | BA9: =M9 -> 0 | BB9: 0 | BC9: =N9 -> 0 | BD9: 0 | BE9: 31 | BF9: 1399/08/14 | BG9: 7 | BH9: 0.52 | BI9: 0.55 | BJ9: 0.55 | BK9: 0.4
A10: 8 | B10: 43978 | C10: =TEXT(B10,"[$-fa-IR,16]yyyy/mm/dd") -> 1399/03/07 | D10: 0.063 | E10: 0.01008 | F10: =IF($F$2=A10,E10,NA()) -> #N/A | G10: ="تاریخ: "&C10&CHAR(10)&"درصد پیشرفت برنامه ای: "&ROUND(D10*100,2)&"%"&CHAR(10)&"درصد پیشرفت واقعی: "&ROUND(E10*100,2)&"%" -> تاریخ: 1399/03/07 درصد پیشرفت برنامه ای: 6.3% درصد پیشرفت واقعی: 1.01% | H10: =H9+4% -> 0.41 | I10: =I9+1% -> 0.06 | J10: 0 | K10: 0 | L10: 0 | M10: 0 | N10: 0 | O10: =U9 -> 29 | P10: 29 | Q10: 28 | R10: 29 | S10: 30 | T10: 31 | U10: 30 | V10: =O10+3 -> 32 | W10: =P10+4 -> 33 | X10: =Q10+4 -> 32 | Y10: =R10+1 -> 30 | Z10: =S10+3 -> 33 | AA10: =T10+1 -> 32 | AB10: =U10+5 -> 35 | AF10: =INDEX(A:G,MATCH(AG10,C:C,0),1) -> 35 | AG10: 1399/09/12 | AH10: 8 | AI10: 250437000000 | AJ10: 249560000000 | AK10: =AI10-AJ10 -> 877000000 | AL10: 0.85 | AM10: 0.8 | AN10: 0.5 | AO10: 0.6 | AP10: 0.6 | AQ10: =H10 -> 0.41 | AR10: 0.48 | AS10: =I10 -> 0.06 | AT10: =AT9+1.2% -> 0.098 | AU10: =J10 -> 0 | AV10: 0 | AW10: =K10 -> 0 | AX10: 0 | AY10: =L10 -> 0 | AZ10: 0 | BA10: =M10 -> 0 | BB10: 0 | BC10: =N10 -> 0 | BD10: 0 | BE10: 35 | BF10: 1399/09/12 | BG10: 8 | BH10: 0.62 | BI10: 0.6 | BJ10: 0.6 | BK10: 0.55
A11: 9 | B11: 43985 | C11: =TEXT(B11,"[$-fa-IR,16]yyyy/mm/dd") -> 1399/03/14 | D11: 0.072 | E11: 0.01008 | F11: =IF($F$2=A11,E11,NA()) -> #N/A | G11: ="تاریخ: "&C11&CHAR(10)&"درصد پیشرفت برنامه ای: "&ROUND(D11*100,2)&"%"&CHAR(10)&"درصد پیشرفت واقعی: "&ROUND(E11*100,2)&"%" -> تاریخ: 1399/03/14 درصد پیشرفت برنامه ای: 7.2% درصد پیشرفت واقعی: 1.01% | H11: =H10+4% -> 0.45 | I11: =I10+1% -> 0.07 | J11: 0 | K11: 0 | L11: 0 | M11: 0 | N11: 0 | O11: =U10 -> 30 | P11: 25 | Q11: 25 | R11: 26 | S11: 26 | T11: 25 | U11: 25 | V11: =O11+3 -> 33 | W11: =P11+4 -> 29 | X11: =Q11+4 -> 29 | Y11: =R11+1 -> 27 | Z11: =S11+3 -> 29 | AA11: =T11+1 -> 26 | AB11: =U11+5 -> 30 | AF11: =INDEX(A:G,MATCH(AG11,C:C,0),1) -> 39 | AG11: 1399/10/10 | AH11: 9 | AI11: 310497000000 | AJ11: 309410000000 | AK11: =AI11-AJ11 -> 1087000000 | AL11: 0.9 | AM11: 0.95 | AN11: 0.8 | AO11: 0.7 | AP11: 0.1 | AQ11: =H11 -> 0.45 | AR11: 0.49 | AS11: =I11 -> 0.07 | AT11: =AT10+1.2% -> 0.11 | AU11: =J11 -> 0 | AV11: 0.03 | AW11: =K11 -> 0 | AX11: 0 | AY11: =L11 -> 0 | AZ11: 0 | BA11: =M11 -> 0 | BB11: 0 | BC11: =N11 -> 0 | BD11: 0 | BE11: 39 | BF11: 1399/10/10 | BG11: 9 | BH11: 0.64 | BI11: 0.45 | BJ11: 0.45 | BK11: 0.6
A12: 10 | B12: 43992 | C12: =TEXT(B12,"[$-fa-IR,16]yyyy/mm/dd") -> 1399/03/21 | D12: 0.081 | E12: 0.014 | F12: =IF($F$2=A12,E12,NA()) -> #N/A | G12: ="تاریخ: "&C12&CHAR(10)&"درصد پیشرفت برنامه ای: "&ROUND(D12*100,2)&"%"&CHAR(10)&"درصد پیشرفت واقعی: "&ROUND(E12*100,2)&"%" -> تاریخ: 1399/03/21 درصد پیشرفت برنامه ای: 8.1% درصد پیشرفت واقعی: 1.4% | H12: =H11+4% -> 0.49 | I12: =I11+1% -> 0.08 | J12: 0 | K12: 0 | L12: 0 | M12: 0 | N12: 0 | O12: =U11 -> 25 | P12: 26 | Q12: 26 | R12: 27 | S12: 28 | T12: 29 | U12: 29 | V12: =O12+3 -> 28 | W12: =P12+4 -> 30 | X12: =Q12+4 -> 30 | Y12: =R12+1 -> 28 | Z12: =S12+3 -> 31 | AA12: =T12+1 -> 30 | AB12: =U12+5 -> 34 | AF12: =INDEX(A:G,MATCH(AG12,C:C,0),1) -> 43 | AG12: 1399/11/08 | AH12: 10 | AI12: 355542000000 | AJ12: 354298000000 | AK12: =AI12-AJ12 -> 1244000000 | AL12: 0.7 | AM12: 0.68 | AN12: 0.5 | AO12: 0.9 | AP12: 0.55 | AQ12: =H12 -> 0.49 | AR12: 0.52 | AS12: =I12 -> 0.08 | AT12: =AT11+1.2% -> 0.122 | AU12: =J12 -> 0 | AV12: 0.05 | AW12: =K12 -> 0 | AX12: 0 | AY12: =L12 -> 0 | AZ12: 0 | BA12: =M12 -> 0 | BB12: 0 | BC12: =N12 -> 0 | BD12: 0 | BE12: 43 | BF12: 1399/11/08 | BG12: 10 | BH12: 0.65 | BI12: 0.77 | BJ12: 0.77 | BK12: 0.45
A13: 11 | B13: 43999 | C13: =TEXT(B13,"[$-fa-IR,16]yyyy/mm/dd") -> 1399/03/28 | D13: 0.09 | E13: 0.014 | F13: =IF($F$2=A13,E13,NA()) -> #N/A | G13: ="تاریخ: "&C13&CHAR(10)&"درصد پیشرفت برنامه ای: "&ROUND(D13*100,2)&"%"&CHAR(10)&"درصد پیشرفت واقعی: "&ROUND(E13*100,2)&"%" -> تاریخ: 1399/03/28 درصد پیشرفت برنامه ای: 9% درصد پیشرفت واقعی: 1.4% | H13: =H12+4% -> 0.53 | I13: =I12+1% -> 0.09 | J13: 0 | K13: 0 | L13: 0 | M13: 0 | N13: 0 | O13: =U12 -> 29 | P13: 29 | Q13: 28 | R13: 29 | S13: 30 | T13: 31 | U13: 30 | V13: =O13+3 -> 32 | W13: =P13+4 -> 33 | X13: =Q13+4 -> 32 | Y13: =R13+1 -> 30 | Z13: =S13+3 -> 33 | AA13: =T13+1 -> 32 | AB13: =U13+5 -> 35 | AF13: =INDEX(A:G,MATCH(AG13,C:C,0),1) -> 47 | AG13: 1399/12/06 | AH13: 11 | AI13: 409596000000 | AJ13: 408162000000 | AK13: =AI13-AJ13 -> 1434000000 | AL13: 0.6 | AM13: 0.5 | AN13: 0.66 | AO13: 0.5 | AP13: 0.9 | AQ13: =H13 -> 0.53 | AR13: 0.59 | AS13: =I13 -> 0.09 | AT13: =AT12+1.2% -> 0.134 | AU13: =J13 -> 0 | AV13: 0.07 | AW13: =K13 -> 0 | AX13: 0 | AY13: =L13 -> 0 | AZ13: 0 | BA13: =M13 -> 0 | BB13: 0 | BC13: =N13 -> 0 | BD13: 0 | BE13: 47 | BF13: 1399/12/06 | BG13: 11 | BH13: 0.62 | BI13: 0.4 | BJ13: 0.4 | BK13: 0.77
A14: 12 | B14: 44006 | C14: =TEXT(B14,"[$-fa-IR,16]yyyy/mm/dd") -> 1399/04/04 | D14: 0.099 | E14: 0.01904 | F14: =IF($F$2=A14,E14,NA()) -> #N/A | G14: ="تاریخ: "&C14&CHAR(10)&"درصد پیشرفت برنامه ای: "&ROUND(D14*100,2)&"%"&CHAR(10)&"درصد پیشرفت واقعی: "&ROUND(E14*100,2)&"%" -> تاریخ: 1399/04/04 درصد پیشرفت برنامه ای: 9.9% درصد پیشرفت واقعی: 1.9% | H14: =H13+4% -> 0.57 | I14: =I13+1% -> 0.1 | J14: 0 | K14: 0 | L14: 0 | M14: 0 | N14: 0 | O14: =U13 -> 30 | P14: 31 | Q14: 31 | R14: 32 | S14: 31 | T14: 33 | U14: 30 | V14: =O14+3 -> 33 | W14: =P14+4 -> 35 | X14: =Q14+4 -> 35 | Y14: =R14+1 -> 33 | Z14: =S14+3 -> 34 | AA14: =T14+1 -> 34 | AB14: =U14+5 -> 35 | AF14: =INDEX(A:G,MATCH(AG14,C:C,0),1) -> 51 | AG14: 1400/01/04 | AH14: 12 | AI14: 446528000000 | AJ14: 444965000000 | AK14: =AI14-AJ14 -> 1563000000 | AL14: 0.55 | AM14: 0.62 | AN14: 0.78 | AO14: 0.42 | AP14: 0.8 | AQ14: =H14 -> 0.57 | AR14: 0.63 | AS14: =I14 -> 0.1 | AT14: =AT13+1.2% -> 0.146 | AU14: =J14 -> 0 | AV14: =AV13+1.8% -> 0.088 | AW14: =K14 -> 0 | AX14: 0 | AY14: =L14 -> 0 | AZ14: 0 | BA14: =M14 -> 0 | BB14: 0 | BC14: =N14 -> 0 | BD14: 0 | BE14: 51 | BF14: 1400/01/04 | BG14: 12 | BH14: 0.4 | BI14: 0.55 | BJ14: 0.55 | BK14: 0.2
A15: 13 | B15: 44013 | C15: =TEXT(B15,"[$-fa-IR,16]yyyy/mm/dd") -> 1399/04/11 | D15: 0.108 | E15: 0.02408 | F15: =IF($F$2=A15,E15,NA()) -> #N/A | G15: ="تاریخ: "&C15&CHAR(10)&"درصد پیشرفت برنامه ای: "&ROUND(D15*100,2)&"%"&CHAR(10)&"درصد پیشرفت واقعی: "&ROUND(E15*100,2)&"%" -> تاریخ: 1399/04/11 درصد پیشرفت برنامه ای: 10.8% درصد پیشرفت واقعی: 2.41% | H15: =H14+4% -> 0.61 | I15: =I14+1% -> 0.11 | J15: 0 | K15: 0 | L15: 0 | M15: 0 | N15: 0 | O15: =U14 -> 30 | P15: 32 | Q15: 33 | R15: 34 | S15: 32 | T15: 35 | U15: 34 | V15: =O15+3 -> 33 | W15: =P15+4 -> 36 | X15: =Q15+4 -> 37 | Y15: =R15+1 -> 35 | Z15: =S15+3 -> 35 | AA15: =T15+1 -> 36 | AB15: =U15+5 -> 39 | AF15: =INDEX(A:G,MATCH(AG15,C:C,0),1) -> 55 | AG15: 1400/02/01 | AH15: 13 | AI15: 441140000000 | AJ15: 439596000000 | AK15: =AI15-AJ15 -> 1544000000 | AL15: 0.6 | AM15: 0.9 | AN15: 0.5 | AO15: 0.5 | AP15: 0.62 | AQ15: =H15 -> 0.61 | AR15: 0.67 | AS15: =I15 -> 0.11 | AT15: =AT14+1.6% -> 0.162 | AU15: =J15 -> 0 | AV15: =AV14+1.8% -> 0.106 | AW15: =K15 -> 0 | AX15: 0 | AY15: =L15 -> 0 | AZ15: 0 | BA15: =M15 -> 0 | BB15: 0 | BC15: =N15 -> 0 | BD15: 0 | BE15: 55 | BF15: 1400/02/01 | BG15: 13 | BH15: 0.55 | BI15: 0.6 | BJ15: 0.6 | BK15: 0.45
A16: 14 | B16: 44020 | C16: =TEXT(B16,"[$-fa-IR,16]yyyy/mm/dd") -> 1399/04/18 | D16: 0.115 | E16: 0.028 | F16: =IF($F$2=A16,E16,NA()) -> #N/A | G16: ="تاریخ: "&C16&CHAR(10)&"درصد پیشرفت برنامه ای: "&ROUND(D16*100,2)&"%"&CHAR(10)&"درصد پیشرفت واقعی: "&ROUND(E16*100,2)&"%" -> تاریخ: 1399/04/18 درصد پیشرفت برنامه ای: 11.5% درصد پیشرفت واقعی: 2.8% | H16: =H15+2% -> 0.63 | I16: 0.11 | J16: 0 | K16: 0 | L16: 0 | M16: 0 | N16: 0 | O16: =U15 -> 34 | P16: 36 | Q16: 37 | R16: 36 | S16: 38 | T16: 36 | U16: 36 | V16: =O16+3 -> 37 | W16: =P16+4 -> 40 | X16: =Q16+4 -> 41 | Y16: =R16+1 -> 37 | Z16: =S16+3 -> 41 | AA16: =T16+1 -> 37 | AB16: =U16+5 -> 41 | AF16: =INDEX(A:G,MATCH(AG16,C:C,0),1) -> 59 | AG16: 1400/02/29 | AH16: 14 | AI16: 472364000000 | AJ16: 470711000000 | AK16: =AI16-AJ16 -> 1653000000 | AL16: 0.66 | AM16: 0.7 | AN16: 0.8 | AO16: 0.55 | AP16: 0.5 | AQ16: =H16 -> 0.63 | AR16: 0.7 | AS16: =I16 -> 0.11 | AT16: =AT15+1.6% -> 0.178 | AU16: =J16 -> 0 | AV16: =AV15+1.8% -> 0.124 | AW16: =K16 -> 0 | AX16: 0 | AY16: =L16 -> 0 | AZ16: 0 | BA16: =M16 -> 0 | BB16: 0 | BC16: =N16 -> 0 | BD16: 0 | BE16: 59 | BF16: 1400/02/29 | BG16: 14 | BH16: 0.6 | BI16: 0.45 | BJ16: 0.45 | BK16: 0.52
A17: 15 | B17: 44027 | C17: =TEXT(B17,"[$-fa-IR,16]yyyy/mm/dd") -> 1399/04/25 | D17: 0.122 | E17: 0.03192 | F17: =IF($F$2=A17,E17,NA()) -> #N/A | G17: ="تاریخ: "&C17&CHAR(10)&"درصد پیشرفت برنامه ای: "&ROUND(D17*100,2)&"%"&CHAR(10)&"درصد پیشرفت واقعی: "&ROUND(E17*100,2)&"%" -> تاریخ: 1399/04/25 درصد پیشرفت برنامه ای: 12.2% درصد پیشرفت واقعی: 3.19% | H17: =H16+2% -> 0.65 | I17: 0.11 | J17: =I7 -> 0.03 | K17: 0 | L17: 0 | M17: 0 | N17: 0 | O17: =U16 -> 36 | P17: 38 | Q17: 39 | R17: 40 | S17: 39 | T17: 40 | U17: 39 | V17: =O17+3 -> 39 | W17: =P17+4 -> 42 | X17: =Q17+4 -> 43 | Y17: =R17+1 -> 41 | Z17: =S17+3 -> 42 | AA17: =T17+1 -> 41 | AB17: =U17+5 -> 44 | AF17: =INDEX(A:G,MATCH(AG17,C:C,0),1) -> 63 | AG17: 1400/03/26 | AH17: 15 | AI17: 549253000000 | AJ17: 547331000000 | AK17: =AI17-AJ17 -> 1922000000 | AL17: 0.55 | AM17: 0.4 | AN17: 0.4 | AO17: 0.9 | AP17: 0.8 | AQ17: =H17 -> 0.65 | AR17: 0.74 | AS17: =I17 -> 0.11 | AT17: =AT16+1.6% -> 0.194 | AU17: =J17 -> 0.03 | AV17: =AV16+1.8% -> 0.142 | AW17: =K17 -> 0 | AX17: 0 | AY17: =L17 -> 0 | AZ17: 0 | BA17: =M17 -> 0 | BB17: 0 | BC17: =N17 -> 0 | BD17: 0 | BE17: 63 | BF17: 1400/03/26 | BG17: 15 | BH17: 0.45 | BI17: 0.4 | BJ17: 0.52 | BK17: 0.62
A18: 16 | B18: 44034 | C18: =TEXT(B18,"[$-fa-IR,16]yyyy/mm/dd") -> 1399/05/01 | D18: 0.129 | E18: 0.03584 | F18: =IF($F$2=A18,E18,NA()) -> #N/A | G18: ="تاریخ: "&C18&CHAR(10)&"درصد پیشرفت برنامه ای: "&ROUND(D18*100,2)&"%"&CHAR(10)&"درصد پیشرفت واقعی: "&ROUND(E18*100,2)&"%" -> تاریخ: 1399/05/01 درصد پیشرفت برنامه ای: 12.9% درصد پیشرفت واقعی: 3.58% | H18: =H17+2% -> 0.67 | I18: 0.11 | J18: =I8 -> 0.04 | K18: 0 | L18: 0 | M18: 0 | N18: 0 | O18: =U17 -> 39 | P18: 40 | Q18: 41 | R18: 40 | S18: 42 | T18: 43 | U18: 42 | V18: =O18+3 -> 42 | W18: =P18+4 -> 44 | X18: =Q18+4 -> 45 | Y18: =R18+1 -> 41 | Z18: =S18+3 -> 45 | AA18: =T18+1 -> 44 | AB18: =U18+5 -> 47 | AF18: =INDEX(A:G,MATCH(AG18,C:C,0),1) -> 67 | AG18: 1400/04/23 | AH18: 16 | AI18: 594918000000 | AJ18: 592836000000 | AK18: =AI18-AJ18 -> 2082000000 | AL18: 0.7 | AM18: 0.55 | AN18: 0.1 | AO18: 0.4 | AP18: 0.9 | AQ18: =H18 -> 0.67 | AR18: 0.79 | AS18: =I18 -> 0.11 | AT18: =AT17+1.6% -> 0.21 | AU18: =J18 -> 0.04 | AV18: =AV17+2.8% -> 0.17 | AW18: =K18 -> 0 | AX18: 0 | AY18: =L18 -> 0 | AZ18: 0 | BA18: =M18 -> 0 | BB18: 0 | BC18: =N18 -> 0 | BD18: 0 | BE18: 67 | BF18: 1400/04/23 | BG18: 16 | BH18: 0.77 | BI18: 0.55 | BJ18: 0.62 | BK18: 0.64
A19: 17 | B19: 44041 | C19: =TEXT(B19,"[$-fa-IR,16]yyyy/mm/dd") -> 1399/05/08 | D19: 0.136 | E19: 0.03976 | F19: =IF($F$2=A19,E19,NA()) -> #N/A | G19: ="تاریخ: "&C19&CHAR(10)&"درصد پیشرفت برنامه ای: "&ROUND(D19*100,2)&"%"&CHAR(10)&"درصد پیشرفت واقعی: "&ROUND(E19*100,2)&"%" -> تاریخ: 1399/05/08 درصد پیشرفت برنامه ای: 13.6% درصد پیشرفت واقعی: 3.98% | H19: =H18+2% -> 0.69 | I19: 0.11 | J19: =J18+3.2% -> 0.072 | K19: 0 | L19: 0 | M19: 0 | N19: 0 | O19: =U18 -> 42 | P19: 43 | Q19: 44 | R19: 42 | S19: 43 | T19: 45 | U19: 45 | V19: =O19+3 -> 45 | W19: =P19+4 -> 47 | X19: =Q19+4 -> 48 | Y19: =R19+1 -> 43 | Z19: =S19+3 -> 46 | AA19: =T19+1 -> 46 | AB19: =U19+5 -> 50 | AF19: =INDEX(A:G,MATCH(AG19,C:C,0),1) -> 71 | AG19: 1400/05/20 | AH19: 17 | AI19: 675718000000 | AJ19: 673353000000 | AK19: =AI19-AJ19 -> 2365000000 | AL19: 0.4 | AM19: 0.69 | AN19: 0.5 | AO19: 0.2 | AP19: 0.4 | AQ19: =H19 -> 0.69 | AR19: 0.83 | AS19: =I19 -> 0.11 | AT19: =AT18+1% -> 0.22 | AU19: =J19 -> 0.072 | AV19: =AV18+2.8% -> 0.198 | AW19: =K19 -> 0 | AX19: 0 | AY19: =L19 -> 0 | AZ19: 0 | BA19: =M19 -> 0 | BB19: 0 | BC19: =N19 -> 0 | BD19: 0 | BE19: 71 | BF19: 1400/05/20 | BG19: 17 | BH19: 0.2 | BI19: 0.6 | BJ19: 0.4 | BK19: 0.65
A20: 18 | B20: 44048 | C20: =TEXT(B20,"[$-fa-IR,16]yyyy/mm/dd") -> 1399/05/15 | D20: 0.143 | E20: 0.04368 | F20: =IF($F$2=A20,E20,NA()) -> #N/A | G20: ="تاریخ: "&C20&CHAR(10)&"درصد پیشرفت برنامه ای: "&ROUND(D20*100,2)&"%"&CHAR(10)&"درصد پیشرفت واقعی: "&ROUND(E20*100,2)&"%" -> تاریخ: 1399/05/15 درصد پیشرفت برنامه ای: 14.3% درصد پیشرفت واقعی: 4.37% | H20: =H19+2% -> 0.71 | I20: 0.11 | J20: =J19+3.2% -> 0.104 | K20: 0 | L20: 0 | M20: 0 | N20: 0 | O20: =U19 -> 45 | P20: 46 | Q20: 45 | R20: 46 | S20: 47 | T20: 47 | U20: 46 | V20: =O20+3 -> 48 | W20: =P20+4 -> 50 | X20: =Q20+4 -> 49 | Y20: =R20+1 -> 47 | Z20: =S20+3 -> 50 | AA20: =T20+1 -> 48 | AB20: =U20+5 -> 51 | AF20: =INDEX(A:G,MATCH(AG20,C:C,0),1) -> 75 | AG20: 1400/06/17 | AH20: 18 | AI20: 719860000000 | AJ20: 717340000000 | AK20: =AI20-AJ20 -> 2520000000 | AL20: 0.35 | AM20: 0.4 | AN20: 0.9 | AO20: 0.8 | AP20: 0.2 | AQ20: =H20 -> 0.71 | AR20: 0.85 | AS20: =I20 -> 0.11 | AT20: =AT19+1% -> 0.23 | AU20: =J20 -> 0.104 | AV20: =AV19+2.8% -> 0.226 | AW20: =K20 -> 0 | AX20: 0 | AY20: =L20 -> 0 | AZ20: 0 | BA20: =M20 -> 0 | BB20: 0 | BC20: =N20 -> 0 | BD20: 0 | BE20: 75 | BF20: 1400/06/17 | BG20: 18 | BH20: 0.45 | BI20: 0.45 | BJ20: 0.55 | BK20: 0.62
A21: 19 | B21: 44055 | C21: =TEXT(B21,"[$-fa-IR,16]yyyy/mm/dd") -> 1399/05/22 | D21: 0.15 | E21: 0.0476 | F21: =IF($F$2=A21,E21,NA()) -> #N/A | G21: ="تاریخ: "&C21&CHAR(10)&"درصد پیشرفت برنامه ای: "&ROUND(D21*100,2)&"%"&CHAR(10)&"درصد پیشرفت واقعی: "&ROUND(E21*100,2)&"%" -> تاریخ: 1399/05/22 درصد پیشرفت برنامه ای: 15% درصد پیشرفت واقعی: 4.76% | H21: =H20+2% -> 0.73 | I21: 0.11 | J21: =J20+3.2% -> 0.136 | K21: 0 | L21: 0 | M21: 0 | N21: 0 | O21: =U20 -> 46 | P21: 47 | Q21: 47 | R21: 46 | S21: 45 | T21: 46 | U21: 47 | V21: =O21+3 -> 49 | W21: =P21+4 -> 51 | X21: =Q21+4 -> 51 | Y21: =R21+1 -> 47 | Z21: =S21+3 -> 48 | AA21: =T21+1 -> 47 | AB21: =U21+5 -> 52 | AF21: =INDEX(A:G,MATCH(AG21,C:C,0),1) -> 79 | AG21: 1400/07/14 | AH21: 19 | AI21: 765525000000 | AJ21: 762846000000 | AK21: =AI21-AJ21 -> 2679000000 | AL21: 0.85 | AM21: 0.8 | AN21: 0.5 | AO21: 0.6 | AP21: 0.6 | AQ21: =H21 -> 0.73 | AR21: 0.89 | AS21: =I21 -> 0.11 | AT21: =AT20+1% -> 0.24 | AU21: =J21 -> 0.136 | AV21: =AV20+2.8% -> 0.254 | AW21: =K21 -> 0 | AX21: 0 | AY21: =L21 -> 0 | AZ21: 0 | BA21: =M21 -> 0 | BB21: 0 | BC21: =N21 -> 0 | BD21: 0 | BE21: 79 | BF21: 1400/07/14 | BG21: 19 | BH21: 0.52 | BI21: 0.77 | BJ21: 0.6 | BK21: 0.4
A22: 20 | B22: 44062 | C22: =TEXT(B22,"[$-fa-IR,16]yyyy/mm/dd") -> 1399/05/29 | D22: 0.157 | E22: 0.05432 | F22: =IF($F$2=A22,E22,NA()) -> #N/A | G22: ="تاریخ: "&C22&CHAR(10)&"درصد پیشرفت برنامه ای: "&ROUND(D22*100,2)&"%"&CHAR(10)&"درصد پیشرفت واقعی: "&ROUND(E22*100,2)&"%" -> تاریخ: 1399/05/29 درصد پیشرفت برنامه ای: 15.7% درصد پیشرفت واقعی: 5.43% | H22: =H21+2% -> 0.75 | I22: 0.11 | J22: =J21+3.2% -> 0.168 | K22: 0 | L22: 0 | M22: 0 | N22: 0 | O22: =U21 -> 47 | P22: 43 | Q22: 44 | R22: 42 | S22: 43 | T22: 45 | U22: 45 | V22: =O22+3 -> 50 | W22: =P22+4 -> 47 | X22: =Q22+4 -> 48 | Y22: =R22+1 -> 43 | Z22: =S22+3 -> 46 | AA22: =T22+1 -> 46 | AB22: =U22+5 -> 50 | AF22: =INDEX(A:G,MATCH(AG22,C:C,0),1) -> 83 | AG22: 1400/08/12 | AH22: 20 | AI22: 765525000000 | AJ22: 762846000000 | AK22: =AI22-AJ22 -> 2679000000 | AL22: 0.9 | AM22: 0.95 | AN22: 0.8 | AO22: 0.7 | AP22: 0.1 | AQ22: =H22 -> 0.75 | AR22: 0.92 | AS22: =I22 -> 0.11 | AT22: =AT21+1% -> 0.25 | AU22: =J22 -> 0.168 | AV22: =AV21+2.8% -> 0.282 | AW22: =K22 -> 0 | AX22: 0 | AY22: =L22 -> 0 | AZ22: 0 | BA22: =M22 -> 0 | BB22: 0 | BC22: =N22 -> 0 | BD22: 0 | BE22: 83 | BF22: 1400/08/12 | BG22: 20 | BH22: 0.62 | BI22: 0.4 | BJ22: 0.45 | BK22: 0.55
A23: 21 | B23: 44069 | C23: =TEXT(B23,"[$-fa-IR,16]yyyy/mm/dd") -> 1399/06/05 | D23: 0.164 | E23: 0.06104 | F23: =IF($F$2=A23,E23,NA()) -> #N/A | G23: ="تاریخ: "&C23&CHAR(10)&"درصد پیشرفت برنامه ای: "&ROUND(D23*100,2)&"%"&CHAR(10)&"درصد پیشرفت واقعی: "&ROUND(E23*100,2)&"%" -> تاریخ: 1399/06/05 درصد پیشرفت برنامه ای: 16.4% درصد پیشرفت واقعی: 6.1% | H23: =H22+2% -> 0.77 | I23: 0.11 | J23: =J22+3.2% -> 0.2 | K23: 0 | L23: 0 | M23: 0 | N23: 0 | O23: =U22 -> 45 | P23: 46 | Q23: 45 | R23: 46 | S23: 47 | T23: 47 | U23: 46 | V23: =O23+3 -> 48 | W23: =P23+4 -> 50 | X23: =Q23+4 -> 49 | Y23: =R23+1 -> 47 | Z23: =S23+3 -> 50 | AA23: =T23+1 -> 48 | AB23: =U23+5 -> 51 | AF23: =INDEX(A:G,MATCH(AG23,C:C,0),1) -> 87 | AG23: 1400/09/10 | AH23: 21 | AI23: 765525000000 | AJ23: 762846000000 | AK23: =AI23-AJ23 -> 2679000000 | AL23: 0.7 | AM23: 0.68 | AN23: 0.5 | AO23: 0.9 | AP23: 0.55 | AQ23: =H23 -> 0.77 | AR23: 0.95 | AS23: =I23 -> 0.11 | AT23: =AT22+1% -> 0.26 | AU23: =J23 -> 0.2 | AV23: =AV22+1.4% -> 0.296 | AW23: =K23 -> 0 | AX23: 0 | AY23: =L23 -> 0 | AZ23: 0 | BA23: =M23 -> 0 | BB23: 0 | BC23: =N23 -> 0 | BD23: 0 | BE23: 87 | BF23: 1400/09/10 | BG23: 21 | BH23: 0.64 | BI23: 0.55 | BJ23: 0.77 | BK23: 0.6
A24: 22 | B24: 44076 | C24: =TEXT(B24,"[$-fa-IR,16]yyyy/mm/dd") -> 1399/06/12 | D24: 0.171 | E24: 0.06776 | F24: =IF($F$2=A24,E24,NA()) -> #N/A | G24: ="تاریخ: "&C24&CHAR(10)&"درصد پیشرفت برنامه ای: "&ROUND(D24*100,2)&"%"&CHAR(10)&"درصد پیشرفت واقعی: "&ROUND(E24*100,2)&"%" -> تاریخ: 1399/06/12 درصد پیشرفت برنامه ای: 17.1% درصد پیشرفت واقعی: 6.78% | H24: =H23+2% -> 0.79 | I24: 0.11 | J24: =J23+3.2% -> 0.232 | K24: 0 | L24: 0 | M24: 0 | N24: 0 | O24: =U23 -> 46 | P24: 47 | Q24: 47 | R24: 46 | S24: 45 | T24: 46 | U24: 47 | V24: =O24+3 -> 49 | W24: =P24+4 -> 51 | X24: =Q24+4 -> 51 | Y24: =R24+1 -> 47 | Z24: =S24+3 -> 48 | AA24: =T24+1 -> 47 | AB24: =U24+5 -> 52 | AF24: =INDEX(A:G,MATCH(AG24,C:C,0),1) -> 91 | AG24: 1400/10/08 | AH24: 22 | AI24: 796437000000 | AJ24: 793649000000 | AK24: =AI24-AJ24 -> 2788000000 | AL24: 0.6 | AM24: 0.5 | AN24: 0.66 | AO24: 0.5 | AP24: 0.9 | AQ24: =H24 -> 0.79 | AR24: 0.99 | AS24: =I24 -> 0.11 | AT24: =AT23+1% -> 0.27 | AU24: =J24 -> 0.232 | AV24: =AV23+1.4% -> 0.31 | AW24: =K24 -> 0 | AX24: 0 | AY24: =L24 -> 0 | AZ24: 0 | BA24: =M24 -> 0 | BB24: 0 | BC24: =N24 -> 0 | BD24: 0 | BE24: 91 | BF24: 1400/10/08 | BG24: 22 | BH24: 0.65 | BI24: 0.6 | BJ24: 0.4 | BK24: 0.45
A25: 23 | B25: 44083 | C25: =TEXT(B25,"[$-fa-IR,16]yyyy/mm/dd") -> 1399/06/19 | D25: 0.178 | E25: 0.07448 | F25: =IF($F$2=A25,E25,NA()) -> #N/A | G25: ="تاریخ: "&C25&CHAR(10)&"درصد پیشرفت برنامه ای: "&ROUND(D25*100,2)&"%"&CHAR(10)&"درصد پیشرفت واقعی: "&ROUND(E25*100,2)&"%" -> تاریخ: 1399/06/19 درصد پیشرفت برنامه ای: 17.8% درصد پیشرفت واقعی: 7.45% | H25: =H24+2% -> 0.81 | I25: 0.11 | J25: =J24+3.2% -> 0.264 | K25: 0 | L25: 0 | M25: 0 | N25: 0 | O25: =U24 -> 47 | P25: 43 | Q25: 44 | R25: 42 | S25: 43 | T25: 45 | U25: 45 | V25: =O25+3 -> 50 | W25: =P25+4 -> 47 | X25: =Q25+4 -> 48 | Y25: =R25+1 -> 43 | Z25: =S25+3 -> 46 | AA25: =T25+1 -> 46 | AB25: =U25+5 -> 50 | AF25: =INDEX(A:G,MATCH(AG25,C:C,0),1) -> 95 | AG25: 1400/11/06 | AH25: 23 | AI25: 824199000000 | AJ25: 821314000000 | AK25: =AI25-AJ25 -> 2885000000 | AL25: 0.55 | AM25: 0.62 | AN25: 0.78 | AO25: 0.42 | AP25: 0.8 | AQ25: =H25 -> 0.81 | AR25: 0.99 | AS25: =I25 -> 0.11 | AT25: =AT24+1% -> 0.28 | AU25: =J25 -> 0.264 | AV25: =AV24+1.9% -> 0.329 | AW25: =K25 -> 0 | AX25: 0 | AY25: =L25 -> 0 | AZ25: 0 | BA25: =M25 -> 0 | BB25: 0 | BC25: =N25 -> 0 | BD25: 0 | BE25: 95 | BF25: 1400/11/06 | BG25: 23 | BH25: 0.62 | BI25: 0.45 | BJ25: 0.55 | BK25: 0.77
A26: 24 | B26: 44090 | C26: =TEXT(B26,"[$-fa-IR,16]yyyy/mm/dd") -> 1399/06/26 | D26: 0.183 | E26: 0.07928 | F26: =IF($F$2=A26,E26,NA()) -> #N/A | G26: ="تاریخ: "&C26&CHAR(10)&"درصد پیشرفت برنامه ای: "&ROUND(D26*100,2)&"%"&CHAR(10)&"درصد پیشرفت واقعی: "&ROUND(E26*100,2)&"%" -> تاریخ: 1399/06/26 درصد پیشرفت برنامه ای: 18.3% درصد پیشرفت واقعی: 7.93% | H26: =H25+2% -> 0.83 | I26: 0.11 | J26: =J25+3.2% -> 0.296 | K26: 0 | L26: 0 | M26: 0 | N26: 0 | O26: =U25 -> 45 | P26: 46 | Q26: 45 | R26: 46 | S26: 47 | T26: 47 | U26: 46 | V26: =O26+3 -> 48 | W26: =P26+4 -> 50 | X26: =Q26+4 -> 49 | Y26: =R26+1 -> 47 | Z26: =S26+3 -> 50 | AA26: =T26+1 -> 48 | AB26: =U26+5 -> 51 | AF26: =INDEX(A:G,MATCH(AG26,C:C,0),1) -> 99 | AG26: 1400/12/04 | AH26: 24 | AI26: 875429000000 | AJ26: 872365000000 | AK26: =AI26-AJ26 -> 3064000000 | AL26: 0.6 | AM26: 0.9 | AN26: 0.5 | AO26: 0.5 | AP26: 0.62 | AQ26: =H26 -> 0.83 | AR26: 1 | AS26: =I26 -> 0.11 | AT26: =AT25+1% -> 0.29 | AU26: =J26 -> 0.296 | AV26: =AV25+1.9% -> 0.348 | AW26: =K26 -> 0 | AX26: 0.03 | AY26: =L26 -> 0 | AZ26: 0 | BA26: =M26 -> 0 | BB26: 0 | BC26: =N26 -> 0 | BD26: 0 | BE26: 99 | BF26: 1400/12/04 | BG26: 24 | BH26: 0.4 | BI26: 0.52 | BJ26: 0.6 | BK26: 0.4
A27: 25 | B27: 44097 | C27: =TEXT(B27,"[$-fa-IR,16]yyyy/mm/dd") -> 1399/07/02 | D27: 0.188 | E27: 0.08408 | F27: =IF($F$2=A27,E27,NA()) -> #N/A | G27: ="تاریخ: "&C27&CHAR(10)&"درصد پیشرفت برنامه ای: "&ROUND(D27*100,2)&"%"&CHAR(10)&"درصد پیشرفت واقعی: "&ROUND(E27*100,2)&"%" -> تاریخ: 1399/07/02 درصد پیشرفت برنامه ای: 18.8% درصد پیشرفت واقعی: 8.41% | H27: =H26+2% -> 0.85 | I27: 0.15 | J27: =J26+3.2% -> 0.328 | K27: 0 | L27: 0 | M27: 0 | N27: 0 | O27: =U26 -> 46 | P27: 43 | Q27: 44 | R27: 42 | S27: 43 | T27: 45 | U27: 45 | V27: =O27+3 -> 49 | W27: =P27+4 -> 47 | X27: =Q27+4 -> 48 | Y27: =R27+1 -> 43 | Z27: =S27+3 -> 46 | AA27: =T27+1 -> 46 | AB27: =U27+5 -> 50 | AF27: =INDEX(A:G,MATCH(AG27,C:C,0),1) -> 103 | AG27: 1401/01/03 | AH27: 25 | AI27: 878795000000 | AJ27: 875719000000 | AK27: =AI27-AJ27 -> 3076000000 | AL27: 0.66 | AM27: 0.7 | AN27: 0.8 | AO27: 0.55 | AP27: 0.5 | AQ27: =H27 -> 0.85 | AR27: 1 | AS27: =I27 -> 0.15 | AT27: =AT26+1% -> 0.3 | AU27: =J27 -> 0.328 | AV27: =AV26+1.9% -> 0.367 | AW27: =K27 -> 0 | AX27: =AX26+3% -> 0.06 | AY27: =L27 -> 0 | AZ27: 0 | BA27: =M27 -> 0 | BB27: 0 | BC27: =N27 -> 0 | BD27: 0 | BE27: 103 | BF27: 1401/01/03 | BG27: 25 | BH27: 0.55 | BI27: 0.62 | BJ27: 0.45 | BK27: 0.55
A28: 26 | B28: 44104 | C28: =TEXT(B28,"[$-fa-IR,16]yyyy/mm/dd") -> 1399/07/09 | D28: 0.193 | E28: 0.08888 | F28: =IF($F$2=A28,E28,NA()) -> #N/A | G28: ="تاریخ: "&C28&CHAR(10)&"درصد پیشرفت برنامه ای: "&ROUND(D28*100,2)&"%"&CHAR(10)&"درصد پیشرفت واقعی: "&ROUND(E28*100,2)&"%" -> تاریخ: 1399/07/09 درصد پیشرفت برنامه ای: 19.3% درصد پیشرفت واقعی: 8.89% | H28: =H27+2% -> 0.87 | I28: 0.15 | J28: =J27+3.2% -> 0.36 | K28: 0 | L28: 0 | M28: 0 | N28: 0 | O28: =U27 -> 45 | P28: 40 | Q28: 41 | R28: 40 | S28: 42 | T28: 43 | U28: 42 | V28: =O28+3 -> 48 | W28: =P28+4 -> 44 | X28: =Q28+4 -> 45 | Y28: =R28+1 -> 41 | Z28: =S28+3 -> 45 | AA28: =T28+1 -> 44 | AB28: =U28+5 -> 47 | AF28: =INDEX(A:G,MATCH(AG28,C:C,0),1) -> 107 | AG28: 1401/01/31 | AH28: 26 | AI28: 884327000000 | AJ28: 881232000000 | AK28: =AI28-AJ28 -> 3095000000 | AL28: 0.55 | AM28: 0.4 | AN28: 0.4 | AO28: 0.9 | AP28: 0.8 | AQ28: =H28 -> 0.87 | AR28: 1 | AS28: =I28 -> 0.15 | AT28: =AT27+1% -> 0.31 | AU28: =J28 -> 0.36 | AV28: =AV27+1.9% -> 0.386 | AW28: =K28 -> 0 | AX28: =AX27+3% -> 0.09 | AY28: =L28 -> 0 | AZ28: 0 | BA28: =M28 -> 0 | BB28: 0 | BC28: =N28 -> 0 | BD28: 0 | BE28: 107 | BF28: 1401/01/31 | BG28: 26 | BH28: 0.6 | BI28: 0.4 | BJ28: 0.6 | BK28: 0.6
A29: 27 | B29: 44111 | C29: =TEXT(B29,"[$-fa-IR,16]yyyy/mm/dd") -> 1399/07/16 | D29: 0.198 | E29: 0.093885 | F29: =IF($F$2=A29,E29,NA()) -> #N/A | G29: ="تاریخ: "&C29&CHAR(10)&"درصد پیشرفت برنامه ای: "&ROUND(D29*100,2)&"%"&CHAR(10)&"درصد پیشرفت واقعی: "&ROUND(E29*100,2)&"%" -> تاریخ: 1399/07/16 درصد پیشرفت برنامه ای: 19.8% درصد پیشرفت واقعی: 9.39% | H29: =H28+2% -> 0.89 | I29: 0.15 | J29: =J28+3.2% -> 0.392 | K29: 0 | L29: 0 | M29: 0 | N29: 0 | O29: =U28 -> 42 | P29: 36 | Q29: 37 | R29: 36 | S29: 38 | T29: 36 | U29: 36 | V29: =O29+3 -> 45 | W29: =P29+4 -> 40 | X29: =Q29+4 -> 41 | Y29: =R29+1 -> 37 | Z29: =S29+3 -> 41 | AA29: =T29+1 -> 37 | AB29: =U29+5 -> 41 | AF29: =INDEX(A:G,MATCH(AG29,C:C,0),1) -> 111 | AG29: 1401/02/28 | AH29: 27 | AI29: 896133000000 | AJ29: 892997000000 | AK29: =AI29-AJ29 -> 3136000000 | AL29: 0.7 | AM29: 0.55 | AN29: 0.1 | AO29: 0.4 | AP29: 0.9 | AQ29: =H29 -> 0.89 | AR29: 1 | AS29: =I29 -> 0.15 | AT29: =AT28+1% -> 0.32 | AU29: =J29 -> 0.392 | AV29: =AV28+1.9% -> 0.405 | AW29: =K29 -> 0 | AX29: =AX28+3% -> 0.12 | AY29: =L29 -> 0 | AZ29: 0 | BA29: =M29 -> 0 | BB29: 0 | BC29: =N29 -> 0 | BD29: 0 | BE29: 111 | BF29: 1401/02/28 | BG29: 27 | BH29: 0.45 | BI29: 0.55 | BJ29: 0.45 | BK29: 0.45
A30: 28 | B30: 44118 | C30: =TEXT(B30,"[$-fa-IR,16]yyyy/mm/dd") -> 1399/07/23 | D30: 0.207 | E30: 0.102894 | F30: =IF($F$2=A30,E30,NA()) -> #N/A | G30: ="تاریخ: "&C30&CHAR(10)&"درصد پیشرفت برنامه ای: "&ROUND(D30*100,2)&"%"&CHAR(10)&"درصد پیشرفت واقعی: "&ROUND(E30*100,2)&"%" -> تاریخ: 1399/07/23 درصد پیشرفت برنامه ای: 20.7% درصد پیشرفت واقعی: 10.29% | H30: =H29+2% -> 0.91 | I30: 0.15 | J30: =J29+3.2% -> 0.424 | K30: 0 | L30: 0 | M30: 0 | N30: 0 | O30: =U29 -> 36 | P30: 22 | Q30: 22 | R30: 23 | S30: 21 | T30: 22 | U30: 24 | V30: =O30+3 -> 39 | W30: =P30+4 -> 26 | X30: =Q30+4 -> 26 | Y30: =R30+1 -> 24 | Z30: =S30+3 -> 24 | AA30: =T30+1 -> 23 | AB30: =U30+5 -> 29 | AF30: =INDEX(A:G,MATCH(AG30,C:C,0),1) -> 115 | AG30: 1401/03/25 | AH30: 28 | AI30: 921963000000 | AJ30: 918736000000 | AK30: =AI30-AJ30 -> 3227000000 | AL30: 0.4 | AM30: 0.69 | AN30: 0.5 | AO30: 0.2 | AP30: 0.4 | AQ30: =H30 -> 0.91 | AR30: 1 | AS30: =I30 -> 0.15 | AT30: =AT29+1% -> 0.33 | AU30: =J30 -> 0.424 | AV30: =AV29+1.9% -> 0.424 | AW30: =K30 -> 0 | AX30: =AX29+3% -> 0.15 | AY30: =L30 -> 0 | AZ30: 0 | BA30: =M30 -> 0 | BB30: 0 | BC30: =N30 -> 0 | BD30: 0 | BE30: 115 | BF30: 1401/03/25 | BG30: 28 | BH30: 0.77 | BI30: 0.6 | BJ30: 0.77 | BK30: 0.77
A31: 29 | B31: 44125 | C31: =TEXT(B31,"[$-fa-IR,16]yyyy/mm/dd") -> 1399/07/30 | D31: 0.216 | E31: 0.111903 | F31: =IF($F$2=A31,E31,NA()) -> #N/A | G31: ="تاریخ: "&C31&CHAR(10)&"درصد پیشرفت برنامه ای: "&ROUND(D31*100,2)&"%"&CHAR(10)&"درصد پیشرفت واقعی: "&ROUND(E31*100,2)&"%" -> تاریخ: 1399/07/30 درصد پیشرفت برنامه ای: 21.6% درصد پیشرفت واقعی: 11.19% | H31: =H30+2% -> 0.93 | I31: 0.15 | J31: =J30+3.2% -> 0.456 | K31: 0 | L31: 0 | M31: 0 | N31: 0 | O31: =U30 -> 24 | P31: 23 | Q31: 24 | R31: 23 | S31: 25 | T31: 25 | U31: 26 | V31: =O31+3 -> 27 | W31: =P31+4 -> 27 | X31: =Q31+4 -> 28 | Y31: =R31+1 -> 24 | Z31: =S31+3 -> 28 | AA31: =T31+1 -> 26 | AB31: =U31+5 -> 31 | AF31: =INDEX(A:G,MATCH(AG31,C:C,0),1) -> 119 | AG31: 1401/04/22 | AH31: 29 | AI31: 936828000000 | AJ31: 933549000000 | AK31: =AI31-AJ31 -> 3279000000 | AL31: 0.35 | AM31: 0.4 | AN31: 0.9 | AO31: 0.8 | AP31: 0.2 | AQ31: =H31 -> 0.93 | AR31: 1 | AS31: =I31 -> 0.15 | AT31: =AT30+1% -> 0.34 | AU31: =J31 -> 0.456 | AV31: =AV30+2.9% -> 0.453 | AW31: =K31 -> 0 | AX31: =AX30+3% -> 0.18 | AY31: =L31 -> 0 | AZ31: 0 | BA31: =M31 -> 0 | BB31: 0 | BC31: =N31 -> 0 | BD31: 0 | BE31: 119 | BF31: 1401/04/22 | BG31: 29 | BH31: 0.2 | BI31: 0.45 | BJ31: 0.4 | BK31: 0.2
A32: 30 | B32: 44132 | C32: =TEXT(B32,"[$-fa-IR,16]yyyy/mm/dd") -> 1399/08/07 | D32: 0.225 | E32: 0.120912 | F32: =IF($F$2=A32,E32,NA()) -> #N/A | G32: ="تاریخ: "&C32&CHAR(10)&"درصد پیشرفت برنامه ای: "&ROUND(D32*100,2)&"%"&CHAR(10)&"درصد پیشرفت واقعی: "&ROUND(E32*100,2)&"%" -> تاریخ: 1399/08/07 درصد پیشرفت برنامه ای: 22.5% درصد پیشرفت واقعی: 12.09% | H32: =H31+2% -> 0.95 | I32: 0.15 | J32: =J31+3.2% -> 0.488 | K32: 0 | L32: 0 | M32: 0 | N32: 0 | O32: =U31 -> 26 | P32: 25 | Q32: 25 | R32: 26 | S32: 26 | T32: 25 | U32: 25 | V32: =O32+3 -> 29 | W32: =P32+4 -> 29 | X32: =Q32+4 -> 29 | Y32: =R32+1 -> 27 | Z32: =S32+3 -> 29 | AA32: =T32+1 -> 26 | AB32: =U32+5 -> 30 | AF32: =INDEX(A:G,MATCH(AG32,C:C,0),1) -> 123 | AG32: 1401/05/19 | AH32: 30 | AI32: 968045000000 | AJ32: 964657000000 | AK32: =AI32-AJ32 -> 3388000000 | AL32: 0.85 | AM32: 0.8 | AN32: 0.5 | AO32: 0.6 | AP32: 0.6 | AQ32: =H32 -> 0.95 | AR32: 1 | AS32: =I32 -> 0.15 | AT32: =AT31+1% -> 0.35 | AU32: =J32 -> 0.488 | AV32: =AV31+2.9% -> 0.482 | AW32: =K32 -> 0 | AX32: =AX31+3% -> 0.21 | AY32: =L32 -> 0 | AZ32: 0 | BA32: =M32 -> 0 | BB32: 0 | BC32: =N32 -> 0 | BD32: 0 | BE32: 123 | BF32: 1401/05/19 | BG32: 30 | BH32: 0.45 | BI32: 0.77 | BJ32: 0.55 | BK32: 0.45
A33: 31 | B33: 44139 | C33: =TEXT(B33,"[$-fa-IR,16]yyyy/mm/dd") -> 1399/08/14 | D33: 0.234 | E33: 0.129921 | F33: =IF($F$2=A33,E33,NA()) -> #N/A | G33: ="تاریخ: "&C33&CHAR(10)&"درصد پیشرفت برنامه ای: "&ROUND(D33*100,2)&"%"&CHAR(10)&"درصد پیشرفت واقعی: "&ROUND(E33*100,2)&"%" -> تاریخ: 1399/08/14 درصد پیشرفت برنامه ای: 23.4% درصد پیشرفت واقعی: 12.99% | H33: =H32+2% -> 0.97 | I33: 0.15 | J33: =J32+3.2% -> 0.52 | K33: 0 | L33: 0 | M33: 0 | N33: 0 | O33: =U32 -> 25 | P33: 15 | Q33: 15 | R33: 18 | S33: 17 | T33: 18 | U33: 19 | V33: =O33+3 -> 28 | W33: =P33+4 -> 19 | X33: =Q33+4 -> 19 | Y33: =R33+1 -> 19 | Z33: =S33+3 -> 20 | AA33: =T33+1 -> 19 | AB33: =U33+5 -> 24 | AF33: =INDEX(A:G,MATCH(AG33,C:C,0),1) -> 127 | AG33: 1401/06/16 | AH33: 31 | AI33: 994802000000 | AJ33: 991320000000 | AK33: =AI33-AJ33 -> 3482000000 | AL33: 0.9 | AM33: 0.95 | AN33: 0.8 | AO33: 0.7 | AP33: 0.1 | AQ33: =H33 -> 0.97 | AR33: 1 | AS33: =I33 -> 0.15 | AT33: 0.35 | AU33: =J33 -> 0.52 | AV33: =AV32+2.9% -> 0.511 | AW33: =K33 -> 0 | AX33: =AX32+3% -> 0.24 | AY33: =L33 -> 0 | AZ33: 0 | BA33: =M33 -> 0 | BB33: 0 | BC33: =N33 -> 0 | BD33: 0 | BE33: 127 | BF33: 1401/06/16 | BG33: 31 | BH33: 0.52 | BI33: 0.4 | BJ33: 0.6 | BK33: 0.52
A34: 32 | B34: 44146 | C34: =TEXT(B34,"[$-fa-IR,16]yyyy/mm/dd") -> 1399/08/21 | D34: 0.243 | E34: 0.13893 | F34: =IF($F$2=A34,E34,NA()) -> #N/A | G34: ="تاریخ: "&C34&CHAR(10)&"درصد پیشرفت برنامه ای: "&ROUND(D34*100,2)&"%"&CHAR(10)&"درصد پیشرفت واقعی: "&ROUND(E34*100,2)&"%" -> تاریخ: 1399/08/21 درصد پیشرفت برنامه ای: 24.3% درصد پیشرفت واقعی: 13.89% | H34: =H33+2% -> 0.99 | I34: =I33+1% -> 0.16 | J34: =J33+3.2% -> 0.552 | K34: =J17 -> 0.03 | L34: 0 | M34: 0 | N34: 0 | O34: =U33 -> 19 | P34: 19 | Q34: 17 | R34: 17 | S34: 19 | T34: 20 | U34: 21 | V34: =O34+3 -> 22 | W34: =P34+4 -> 23 | X34: =Q34+4 -> 21 | Y34: =R34+1 -> 18 | Z34: =S34+3 -> 22 | AA34: =T34+1 -> 21 | AB34: =U34+5 -> 26 | AF34: =INDEX(A:G,MATCH(AG34,C:C,0),1) -> 131 | AG34: 1401/07/13 | AH34: 32 | AI34: 1003991000000 | AJ34: 1000477000000 | AK34: =AI34-AJ34 -> 3514000000 | AL34: 0.7 | AM34: 0.68 | AN34: 0.5 | AO34: 0.9 | AP34: 0.55 | AQ34: =H34 -> 0.99 | AR34: 1 | AS34: =I34 -> 0.16 | AT34: 0.35 | AU34: =J34 -> 0.552 | AV34: =AV33+3.4% -> 0.545 | AW34: =K34 -> 0.03 | AX34: =AX33+3% -> 0.27 | AY34: =L34 -> 0 | AZ34: 0 | BA34: =M34 -> 0 | BB34: 0 | BC34: =N34 -> 0 | BD34: 0 | BE34: 131 | BF34: 1401/07/13 | BG34: 32 | BH34: 0.62 | BI34: 0.55 | BJ34: 0.45 | BK34: 0.62
A35: 33 | B35: 44153 | C35: =TEXT(B35,"[$-fa-IR,16]yyyy/mm/dd") -> 1399/08/28 | D35: 0.252 | E35: 0.147939 | F35: =IF($F$2=A35,E35,NA()) -> #N/A | G35: ="تاریخ: "&C35&CHAR(10)&"درصد پیشرفت برنامه ای: "&ROUND(D35*100,2)&"%"&CHAR(10)&"درصد پیشرفت واقعی: "&ROUND(E35*100,2)&"%" -> تاریخ: 1399/08/28 درصد پیشرفت برنامه ای: 25.2% درصد پیشرفت واقعی: 14.79% | H35: 1 | I35: 0.16 | J35: =J34+3.2% -> 0.584 | K35: =J18 -> 0.04 | L35: 0 | M35: 0 | N35: 0 | O35: =U34 -> 21 | P35: 22 | Q35: 22 | R35: 23 | S35: 21 | T35: 22 | U35: 24 | V35: =O35+3 -> 24 | W35: =P35+4 -> 26 | X35: =Q35+4 -> 26 | Y35: =R35+1 -> 24 | Z35: =S35+3 -> 24 | AA35: =T35+1 -> 23 | AB35: =U35+5 -> 29 | AF35: =INDEX(A:G,MATCH(AG35,C:C,0),1) -> 135 | AG35: 1401/08/11 | AH35: 33 | AI35: 1040747000000 | AJ35: 1037104000000 | AK35: =AI35-AJ35 -> 3643000000 | AL35: 0.6 | AM35: 0.5 | AN35: 0.66 | AO35: 0.5 | AP35: 0.9 | AQ35: =H35 -> 1 | AR35: 1 | AS35: =I35 -> 0.16 | AT35: 0.35 | AU35: =J35 -> 0.584 | AV35: =AV34+3.4% -> 0.579 | AW35: =K35 -> 0.04 | AX35: =AX34+3% -> 0.3 | AY35: =L35 -> 0 | AZ35: 0 | BA35: =M35 -> 0 | BB35: 0 | BC35: =N35 -> 0 | BD35: 0 | BE35: 135 | BF35: 1401/08/11 | BG35: 33 | BH35: 0.64 | BI35: 0.6 | BJ35: 0.52 | BK35: 0.4
A36: 34 | B36: 44160 | C36: =TEXT(B36,"[$-fa-IR,16]yyyy/mm/dd") -> 1399/09/05 | D36: 0.261 | E36: 0.156948 | F36: =IF($F$2=A36,E36,NA()) -> #N/A | G36: ="تاریخ: "&C36&CHAR(10)&"درصد پیشرفت برنامه ای: "&ROUND(D36*100,2)&"%"&CHAR(10)&"درصد پیشرفت واقعی: "&ROUND(E36*100,2)&"%" -> تاریخ: 1399/09/05 درصد پیشرفت برنامه ای: 26.1% درصد پیشرفت واقعی: 15.69% | H36: 1 | I36: 0.16 | J36: =J35+3.2% -> 0.616 | K36: =J19 -> 0.072 | L36: 0 | M36: 0 | N36: 0 | O36: =U35 -> 24 | P36: 15 | Q36: 15 | R36: 18 | S36: 17 | T36: 18 | U36: 19 | V36: =O36+3 -> 27 | W36: =P36+4 -> 19 | X36: =Q36+4 -> 19 | Y36: =R36+1 -> 19 | Z36: =S36+3 -> 20 | AA36: =T36+1 -> 19 | AB36: =U36+5 -> 24 | AF36: =INDEX(A:G,MATCH(AG36,C:C,0),1) -> 139 | AG36: 1401/09/09 | AH36: 34 | AI36: 1083629000000 | AJ36: 1079836000000 | AK36: =AI36-AJ36 -> 3793000000 | AL36: 0.55 | AM36: 0.62 | AN36: 0.78 | AO36: 0.42 | AP36: 0.8 | AQ36: =H36 -> 1 | AR36: 1 | AS36: =I36 -> 0.16 | AT36: 0.35 | AU36: =J36 -> 0.616 | AV36: =AV35+3.4% -> 0.613 | AW36: =K36 -> 0.072 | AX36: =AX35+3% -> 0.33 | AY36: =L36 -> 0 | AZ36: 0 | BA36: =M36 -> 0 | BB36: 0 | BC36: =N36 -> 0 | BD36: 0 | BE36: 139 | BF36: 1401/09/09 | BG36: 34 | BH36: 0.65 | BI36: 0.45 | BJ36: 0.62 | BK36: 0.55
A37: 35 | B37: 44167 | C37: =TEXT(B37,"[$-fa-IR,16]yyyy/mm/dd") -> 1399/09/12 | D37: 0.271 | E37: 0.166958 | F37: =IF($F$2=A37,E37,NA()) -> #N/A | G37: ="تاریخ: "&C37&CHAR(10)&"درصد پیشرفت برنامه ای: "&ROUND(D37*100,2)&"%"&CHAR(10)&"درصد پیشرفت واقعی: "&ROUND(E37*100,2)&"%" -> تاریخ: 1399/09/12 درصد پیشرفت برنامه ای: 27.1% درصد پیشرفت واقعی: 16.7% | H37: 1 | I37: 0.16 | J37: =J36+3.2% -> 0.648 | K37: =J20 -> 0.104 | L37: 0 | M37: 0 | N37: 0 | O37: =U36 -> 19 | P37: 19 | Q37: 17 | R37: 17 | S37: 19 | T37: 20 | U37: 21 | V37: =O37+3 -> 22 | W37: =P37+4 -> 23 | X37: =Q37+4 -> 21 | Y37: =R37+1 -> 18 | Z37: =S37+3 -> 22 | AA37: =T37+1 -> 21 | AB37: =U37+5 -> 26 | AF37: =INDEX(A:G,MATCH(AG37,C:C,0),1) -> 143 | AG37: 1401/10/07 | AH37: 35 | AI37: 1113896000000 | AJ37: 1109997000000 | AK37: =AI37-AJ37 -> 3899000000 | AL37: 0.6 | AM37: 0.9 | AN37: 0.5 | AO37: 0.5 | AP37: 0.62 | AQ37: =H37 -> 1 | AR37: 1 | AS37: =I37 -> 0.16 | AT37: 0.35 | AU37: =J37 -> 0.648 | AV37: =AV36+3.4% -> 0.647 | AW37: =K37 -> 0.104 | AX37: =AX36+3% -> 0.36 | AY37: =L37 -> 0 | AZ37: 0 | BA37: =M37 -> 0 | BB37: 0 | BC37: =N37 -> 0 | BD37: 0 | BE37: 143 | BF37: 1401/10/07 | BG37: 35 | BH37: 0.62 | BI37: 0.52 | BJ37: 0.4 | BK37: 0.6
A38: 36 | B38: 44174 | C38: =TEXT(B38,"[$-fa-IR,16]yyyy/mm/dd") -> 1399/09/19 | D38: 0.281 | E38: 0.176968 | F38: =IF($F$2=A38,E38,NA()) -> #N/A | G38: ="تاریخ: "&C38&CHAR(10)&"درصد پیشرفت برنامه ای: "&ROUND(D38*100,2)&"%"&CHAR(10)&"درصد پیشرفت واقعی: "&ROUND(E38*100,2)&"%" -> تاریخ: 1399/09/19 درصد پیشرفت برنامه ای: 28.1% درصد پیشرفت واقعی: 17.7% | H38: 1 | I38: 0.17 | J38: =J37+3.2% -> 0.68 | K38: =J21 -> 0.136 | L38: 0 | M38: 0 | N38: 0 | O38: =U37 -> 21 | P38: 15 | Q38: 15 | R38: 18 | S38: 17 | T38: 18 | U38: 19 | V38: =O38+3 -> 24 | W38: =P38+4 -> 19 | X38: =Q38+4 -> 19 | Y38: =R38+1 -> 19 | Z38: =S38+3 -> 20 | AA38: =T38+1 -> 19 | AB38: =U38+5 -> 24 | AF38: =INDEX(A:G,MATCH(AG38,C:C,0),1) -> 147 | AG38: 1401/11/05 | AH38: 36 | AI38: 1127948000000 | AJ38: 1124000000000 | AK38: =AI38-AJ38 -> 3948000000 | AL38: 0.66 | AM38: 0.7 | AN38: 0.8 | AO38: 0.55 | AP38: 0.5 | AQ38: =H38 -> 1 | AR38: 1 | AS38: =I38 -> 0.17 | AT38: 0.35 | AU38: =J38 -> 0.68 | AV38: =AV37+3.4% -> 0.681 | AW38: =K38 -> 0.136 | AX38: =AX37+3% -> 0.39 | AY38: =L38 -> 0 | AZ38: 0 | BA38: =M38 -> 0 | BB38: 0 | BC38: =N38 -> 0 | BD38: 0 | BE38: 147 | BF38: 1401/11/05 | BG38: 36 | BH38: 0.4 | BI38: 0.62 | BJ38: 0.55 | BK38: 0.45
A39: 37 | B39: 44181 | C39: =TEXT(B39,"[$-fa-IR,16]yyyy/mm/dd") -> 1399/09/26 | D39: 0.291 | E39: 0.186978 | F39: =IF($F$2=A39,E39,NA()) -> #N/A | G39: ="تاریخ: "&C39&CHAR(10)&"درصد پیشرفت برنامه ای: "&ROUND(D39*100,2)&"%"&CHAR(10)&"درصد پیشرفت واقعی: "&ROUND(E39*100,2)&"%" -> تاریخ: 1399/09/26 درصد پیشرفت برنامه ای: 29.1% درصد پیشرفت واقعی: 18.7% | H39: 1 | I39: 0.17 | J39: =J38+3.2% -> 0.712 | K39: =J22 -> 0.168 | L39: 0 | M39: 0 | N39: 0 | O39: =U38 -> 19 | P39: 19 | Q39: 17 | R39: 17 | S39: 19 | T39: 20 | U39: 21 | V39: =O39+3 -> 22 | W39: =P39+4 -> 23 | X39: =Q39+4 -> 21 | Y39: =R39+1 -> 18 | Z39: =S39+3 -> 22 | AA39: =T39+1 -> 21 | AB39: =U39+5 -> 26 | AF39: =INDEX(A:G,MATCH(AG39,C:C,0),1) -> 151 | AG39: 1401/12/03 | AH39: 37 | AI39: 1135274000000 | AJ39: 1131301000000 | AK39: =AI39-AJ39 -> 3973000000 | AL39: 0.55 | AM39: 0.4 | AN39: 0.4 | AO39: 0.9 | AP39: 0.8 | AQ39: =H39 -> 1 | AR39: 1 | AS39: =I39 -> 0.17 | AT39: 0.35 | AU39: =J39 -> 0.712 | AV39: =AV38+3.9% -> 0.72 | AW39: =K39 -> 0.168 | AX39: =AX38+2% -> 0.41 | AY39: =L39 -> 0 | AZ39: 0 | BA39: =M39 -> 0 | BB39: 0 | BC39: =N39 -> 0 | BD39: 0 | BE39: 151 | BF39: 1401/12/03 | BG39: 37 | BH39: 0.55 | BI39: 0.4 | BJ39: 0.6 | BK39: 0.77
A40: 38 | B40: 44188 | C40: =TEXT(B40,"[$-fa-IR,16]yyyy/mm/dd") -> 1399/10/03 | D40: 0.301 | E40: 0.196988 | F40: =IF($F$2=A40,E40,NA()) -> #N/A | G40: ="تاریخ: "&C40&CHAR(10)&"درصد پیشرفت برنامه ای: "&ROUND(D40*100,2)&"%"&CHAR(10)&"درصد پیشرفت واقعی: "&ROUND(E40*100,2)&"%" -> تاریخ: 1399/10/03 درصد پیشرفت برنامه ای: 30.1% درصد پیشرفت واقعی: 19.7% | H40: 1 | I40: 0.17 | J40: =J39+3.2% -> 0.744 | K40: =J23 -> 0.2 | L40: 0 | M40: 0 | N40: 0 | O40: =U39 -> 21 | P40: 15 | Q40: 15 | R40: 18 | S40: 14 | T40: 15 | U40: 13 | V40: =O40+3 -> 24 | W40: =P40+4 -> 19 | X40: =Q40+4 -> 19 | Y40: =R40+1 -> 19 | Z40: =S40+3 -> 17 | AA40: =T40+1 -> 16 | AB40: =U40+5 -> 18 | AF40: =INDEX(A:G,MATCH(AG40,C:C,0),1) -> 155 | AG40: 1402/01/02 | AH40: 38 | AI40: 1151384000000 | AJ40: 1147354000000 | AK40: =AI40-AJ40 -> 4030000000 | AL40: 0.7 | AM40: 0.55 | AN40: 0.1 | AO40: 0.4 | AP40: 0.9 | AQ40: =H40 -> 1 | AR40: 1 | AS40: =I40 -> 0.17 | AT40: 0.35 | AU40: =J40 -> 0.744 | AV40: =AV39+3.9% -> 0.759 | AW40: =K40 -> 0.2 | AX40: =AX39+2% -> 0.43 | AY40: =L40 -> 0 | AZ40: 0 | BA40: =M40 -> 0 | BB40: 0 | BC40: =N40 -> 0 | BD40: 0 | BE40: 155 | BF40: 1402/01/02 | BG40: 38 | BH40: 0.6 | BI40: 0.55 | BJ40: 0.45 | BK40: 0.4
A41: 39 | B41: 44195 | C41: =TEXT(B41,"[$-fa-IR,16]yyyy/mm/dd") -> 1399/10/10 | D41: 0.311 | E41: 0.206998 | F41: =IF($F$2=A41,E41,NA()) -> #N/A | G41: ="تاریخ: "&C41&CHAR(10)&"درصد پیشرفت برنامه ای: "&ROUND(D41*100,2)&"%"&CHAR(10)&"درصد پیشرفت واقعی: "&ROUND(E41*100,2)&"%" -> تاریخ: 1399/10/10 درصد پیشرفت برنامه ای: 31.1% درصد پیشرفت واقعی: 20.7% | H41: 1 | I41: =I40+1% -> 0.18 | J41: =J40+3.2% -> 0.776 | K41: =J24 -> 0.232 | L41: 0 | M41: 0 | N41: 0 | O41: =U40 -> 13 | P41: 12 | Q41: 13 | R41: 14 | S41: 12 | T41: 12 | U41: 11 | V41: =O41+3 -> 16 | W41: =P41+4 -> 16 | X41: =Q41+4 -> 17 | Y41: =R41+1 -> 15 | Z41: =S41+3 -> 15 | AA41: =T41+1 -> 13 | AB41: =U41+5 -> 16 | AF41: =INDEX(A:G,MATCH(AG41,C:C,0),1) -> 159 | AG41: 1402/01/30 | AH41: 39 | AI41: 1170407000000 | AJ41: 1166311000000 | AK41: =AI41-AJ41 -> 4096000000 | AL41: 0.4 | AM41: 0.69 | AN41: 0.5 | AO41: 0.2 | AP41: 0.4 | AQ41: =H41 -> 1 | AR41: 1 | AS41: =I41 -> 0.18 | AT41: 0.35 | AU41: =J41 -> 0.776 | AV41: =AV40+3.9% -> 0.798 | AW41: =K41 -> 0.232 | AX41: =AX40+2% -> 0.45 | AY41: =L41 -> 0 | AZ41: 0 | BA41: =M41 -> 0 | BB41: 0 | BC41: =N41 -> 0 | BD41: 0 | BE41: 159 | BF41: 1402/01/30 | BG41: 39 | BH41: 0.45 | BI41: 0.6 | BJ41: 0.77 | BK41: 0.55
A42: 40 | B42: 44202 | C42: =TEXT(B42,"[$-fa-IR,16]yyyy/mm/dd") -> 1399/10/17 | D42: 0.318 | E42: 0.214005 | F42: =IF($F$2=A42,E42,NA()) -> #N/A | G42: ="تاریخ: "&C42&CHAR(10)&"درصد پیشرفت برنامه ای: "&ROUND(D42*100,2)&"%"&CHAR(10)&"درصد پیشرفت واقعی: "&ROUND(E42*100,2)&"%" -> تاریخ: 1399/10/17 درصد پیشرفت برنامه ای: 31.8% درصد پیشرفت واقعی: 21.4% | H42: 1 | I42: =I41+1% -> 0.19 | J42: =J41+3.2% -> 0.808 | K42: =J25 -> 0.264 | L42: 0 | M42: 0 | N42: 0 | O42: =U41 -> 11 | P42: 10 | Q42: 10 | R42: 12 | S42: 11 | T42: 10 | U42: 9 | V42: =O42+3 -> 14 | W42: =P42+4 -> 14 | X42: =Q42+4 -> 14 | Y42: =R42+1 -> 13 | Z42: =S42+3 -> 14 | AA42: =T42+1 -> 11 | AB42: =U42+5 -> 14 | AF42: =INDEX(A:G,MATCH(AG42,C:C,0),1) -> 163 | AG42: 1402/02/27 | AH42: 40 | AI42: 1187989000000 | AJ42: 1183831000000 | AK42: =AI42-AJ42 -> 4158000000 | AL42: 0.35 | AM42: 0.4 | AN42: 0.9 | AO42: 0.8 | AP42: 0.2 | AQ42: =H42 -> 1 | AR42: 1 | AS42: =I42 -> 0.19 | AT42: 0.35 | AU42: =J42 -> 0.808 | AV42: =AV41+3.9% -> 0.837 | AW42: =K42 -> 0.264 | AX42: =AX41+2% -> 0.47 | AY42: =L42 -> 0 | AZ42: 0 | BA42: =M42 -> 0 | BB42: 0 | BC42: =N42 -> 0 | BD42: 0 | BE42: 163 | BF42: 1402/02/27 | BG42: 40 | BH42: 0.77 | BI42: 0.45 | BJ42: 0.4 | BK42: 0.6
A43: 41 | B43: 44209 | C43: =TEXT(B43,"[$-fa-IR,16]yyyy/mm/dd") -> 1399/10/24 | D43: 0.325 | E43: 0.221012 | F43: =IF($F$2=A43,E43,NA()) -> #N/A | G43: ="تاریخ: "&C43&CHAR(10)&"درصد پیشرفت برنامه ای: "&ROUND(D43*100,2)&"%"&CHAR(10)&"درصد پیشرفت واقعی: "&ROUND(E43*100,2)&"%" -> تاریخ: 1399/10/24 درصد پیشرفت برنامه ای: 32.5% درصد پیشرفت واقعی: 22.1% | H43: 1 | I43: =I42+1% -> 0.2 | J43: =J42+3.2% -> 0.84 | K43: =J26 -> 0.296 | L43: 0 | M43: 0 | N43: 0 | O43: =U42 -> 9 | P43: 9 | Q43: 9 | R43: 8 | S43: 10 | T43: 11 | U43: 10 | V43: =O43+3 -> 12 | W43: =P43+4 -> 13 | X43: =Q43+4 -> 13 | Y43: =R43+1 -> 9 | Z43: =S43+3 -> 13 | AA43: =T43+1 -> 12 | AB43: =U43+5 -> 15 | AF43: =INDEX(A:G,MATCH(AG43,C:C,0),1) -> 167 | AG43: 1402/03/24 | AH43: 41 | AI43: 1192697000000 | AJ43: 1188523000000 | AK43: =AI43-AJ43 -> 4174000000 | AL43: 0.85 | AM43: 0.8 | AN43: 0.5 | AO43: 0.6 | AP43: 0.6 | AQ43: =H43 -> 1 | AR43: 1 | AS43: =I43 -> 0.2 | AT43: 0.35 | AU43: =J43 -> 0.84 | AV43: =AV42+3.9% -> 0.876 | AW43: =K43 -> 0.296 | AX43: =AX42+2% -> 0.49 | AY43: =L43 -> 0 | AZ43: 0 | BA43: =M43 -> 0 | BB43: 0 | BC43: =N43 -> 0 | BD43: 0 | BE43: 167 | BF43: 1402/03/24 | BG43: 41 | BH43: 0.2 | BI43: 0.77 | BJ43: 0.55 | BK43: 0.45
A44: 42 | B44: 44216 | C44: =TEXT(B44,"[$-fa-IR,16]yyyy/mm/dd") -> 1399/11/01 | D44: 0.332 | E44: 0.228019 | F44: =IF($F$2=A44,E44,NA()) -> #N/A | G44: ="تاریخ: "&C44&CHAR(10)&"درصد پیشرفت برنامه ای: "&ROUND(D44*100,2)&"%"&CHAR(10)&"درصد پیشرفت واقعی: "&ROUND(E44*100,2)&"%" -> تاریخ: 1399/11/01 درصد پیشرفت برنامه ای: 33.2% درصد پیشرفت واقعی: 22.8% | H44: 1 | I44: =I43+1% -> 0.21 | J44: =J43+3.2% -> 0.872 | K44: =J27 -> 0.328 | L44: 0 | M44: 0 | N44: 0 | O44: =U43 -> 10 | P44: 10 | Q44: 9 | R44: 8 | S44: 7 | T44: 5 | U44: 4 | V44: =O44+3 -> 13 | W44: =P44+4 -> 14 | X44: =Q44+4 -> 13 | Y44: =R44+1 -> 9 | Z44: =S44+3 -> 10 | AA44: =T44+1 -> 6 | AB44: =U44+5 -> 9 | AF44: =INDEX(A:G,MATCH(AG44,C:C,0),1) -> 171 | AG44: 1402/04/21 | AH44: 42 | AI44: 1202114000000 | AJ44: 1197907000000 | AK44: =AI44-AJ44 -> 4207000000 | AL44: 0.9 | AM44: 0.95 | AN44: 0.8 | AO44: 0.7 | AP44: 0.1 | AQ44: =H44 -> 1 | AR44: 1 | AS44: =I44 -> 0.21 | AT44: 0.35 | AU44: =J44 -> 0.872 | AV44: =AV43+3.9% -> 0.915 | AW44: =K44 -> 0.328 | AX44: =AX43+2% -> 0.51 | AY44: =L44 -> 0 | AZ44: 0 | BA44: =M44 -> 0 | BB44: 0 | BC44: =N44 -> 0 | BD44: 0 | BE44: 171 | BF44: 1402/04/21 | BG44: 42 | BH44: 0.45 | BI44: 0.4 | BJ44: 0.6 | BK44: 0.64
A45: 43 | B45: 44223 | C45: =TEXT(B45,"[$-fa-IR,16]yyyy/mm/dd") -> 1399/11/08 | D45: 0.341 | E45: 0.237028 | F45: =IF($F$2=A45,E45,NA()) -> #N/A | G45: ="تاریخ: "&C45&CHAR(10)&"درصد پیشرفت برنامه ای: "&ROUND(D45*100,2)&"%"&CHAR(10)&"درصد پیشرفت واقعی: "&ROUND(E45*100,2)&"%" -> تاریخ: 1399/11/08 درصد پیشرفت برنامه ای: 34.1% درصد پیشرفت واقعی: 23.7% | H45: 1 | I45: =I44+1% -> 0.22 | J45: =J44+3.2% -> 0.904 | K45: =J28 -> 0.36 | L45: 0 | M45: 0 | N45: 0 | O45: =U44 -> 4 | P45: 4 | Q45: 5 | R45: 5 | S45: 6 | T45: 5 | U45: 6 | V45: =O45+3 -> 7 | W45: =P45+4 -> 8 | X45: =Q45+4 -> 9 | Y45: =R45+1 -> 6 | Z45: =S45+3 -> 9 | AA45: =T45+1 -> 6 | AB45: =U45+5 -> 11 | AF45: =INDEX(A:G,MATCH(AG45,C:C,0),1) -> 175 | AG45: 1402/05/18 | AH45: 43 | AI45: 1212286000000 | AJ45: 1208043000000 | AK45: =AI45-AJ45 -> 4243000000 | AL45: 0.7 | AM45: 0.68 | AN45: 0.5 | AO45: 0.9 | AP45: 0.55 | AQ45: =H45 -> 1 | AR45: 1 | AS45: =I45 -> 0.22 | AT45: 0.35 | AU45: =J45 -> 0.904 | AV45: =AV44+3.9% -> 0.954 | AW45: =K45 -> 0.36 | AX45: =AX44+2% -> 0.53 | AY45: =L45 -> 0 | AZ45: 0 | BA45: =M45 -> 0 | BB45: 0 | BC45: =N45 -> 0 | BD45: 0 | BE45: 175 | BF45: 1402/05/18 | BG45: 43 | BH45: 0.52 | BI45: 0.55 | BJ45: 0.45 | BK45: 0.65
A46: 44 | B46: 44230 | C46: =TEXT(B46,"[$-fa-IR,16]yyyy/mm/dd") -> 1399/11/15 | D46: 0.35 | E46: 0.246037 | F46: =IF($F$2=A46,E46,NA()) -> #N/A | G46: ="تاریخ: "&C46&CHAR(10)&"درصد پیشرفت برنامه ای: "&ROUND(D46*100,2)&"%"&CHAR(10)&"درصد پیشرفت واقعی: "&ROUND(E46*100,2)&"%" -> تاریخ: 1399/11/15 درصد پیشرفت برنامه ای: 35% درصد پیشرفت واقعی: 24.6% | H46: 1 | I46: =I45+1% -> 0.23 | J46: =J45+3.2% -> 0.936 | K46: =J29 -> 0.392 | L46: 0 | M46: 0 | N46: 0 | O46: =U45 -> 6 | P46: 6 | Q46: 5 | R46: 4 | S46: 6 | T46: 5 | U46: 4 | V46: =O46+3 -> 9 | W46: =P46+4 -> 10 | X46: =Q46+4 -> 9 | Y46: =R46+1 -> 5 | Z46: =S46+3 -> 9 | AA46: =T46+1 -> 6 | AB46: =U46+5 -> 9 | AF46: =INDEX(A:G,MATCH(AG46,C:C,0),1) -> 179 | AG46: 1402/06/15 | AH46: 44 | AI46: 1219916000000 | AJ46: 1215646000000 | AK46: =AI46-AJ46 -> 4270000000 | AL46: 0.6 | AM46: 0.5 | AN46: 0.66 | AO46: 0.5 | AP46: 0.9 | AQ46: =H46 -> 1 | AR46: 1 | AS46: =I46 -> 0.23 | AT46: 0.35 | AU46: =J46 -> 0.936 | AV46: 1 | AW46: =K46 -> 0.392 | AX46: =AX45+2% -> 0.55 | AY46: =L46 -> 0 | AZ46: 0 | BA46: =M46 -> 0 | BB46: 0 | BC46: =N46 -> 0 | BD46: 0 | BE46: 179 | BF46: 1402/06/15 | BG46: 44 | BH46: 0.62 | BI46: 0.6 | BJ46: 0.6 | BK46: 0.62
A47: 45 | B47: 44237 | C47: =TEXT(B47,"[$-fa-IR,16]yyyy/mm/dd") -> 1399/11/22 | D47: 0.359 | E47: 0.255046 | F47: =IF($F$2=A47,E47,NA()) -> #N/A | G47: ="تاریخ: "&C47&CHAR(10)&"درصد پیشرفت برنامه ای: "&ROUND(D47*100,2)&"%"&CHAR(10)&"درصد پیشرفت واقعی: "&ROUND(E47*100,2)&"%" -> تاریخ: 1399/11/22 درصد پیشرفت برنامه ای: 35.9% درصد پیشرفت واقعی: 25.5% | H47: 1 | I47: 0.23 | J47: =J46+3.2% -> 0.968 | K47: =J30 -> 0.424 | L47: 0 | M47: 0 | N47: 0 | O47: =U46 -> 4 | P47: 4 | Q47: 5 | R47: 5 | S47: 6 | T47: 5 | U47: 6 | V47: =O47+3 -> 7 | W47: =P47+4 -> 8 | X47: =Q47+4 -> 9 | Y47: =R47+1 -> 6 | Z47: =S47+3 -> 9 | AA47: =T47+1 -> 6 | AB47: =U47+5 -> 11 | AF47: =INDEX(A:G,MATCH(AG47,C:C,0),1) -> 183 | AG47: 1402/07/12 | AH47: 45 | AI47: 1232033000000 | AJ47: 1227721000000 | AK47: =AI47-AJ47 -> 4312000000 | AL47: 0.55 | AM47: 0.62 | AN47: 0.78 | AO47: 0.42 | AP47: 0.8 | AQ47: =H47 -> 1 | AR47: 1 | AS47: =I47 -> 0.23 | AT47: 0.35 | AU47: =J47 -> 0.968 | AV47: 1 | AW47: =K47 -> 0.424 | AX47: =AX46+2% -> 0.57 | AY47: =L47 -> 0 | AZ47: 0 | BA47: =M47 -> 0 | BB47: 0 | BC47: =N47 -> 0 | BD47: 0 | BE47: 183 | BF47: 1402/07/12 | BG47: 45 | BH47: 0.64 | BI47: 0.45 | BJ47: 0.45 | BK47: 0.4
A48: 46 | B48: 44244 | C48: =TEXT(B48,"[$-fa-IR,16]yyyy/mm/dd") -> 1399/11/29 | D48: 0.368 | E48: 0.264055 | F48: =IF($F$2=A48,E48,NA()) -> #N/A | G48: ="تاریخ: "&C48&CHAR(10)&"درصد پیشرفت برنامه ای: "&ROUND(D48*100,2)&"%"&CHAR(10)&"درصد پیشرفت واقعی: "&ROUND(E48*100,2)&"%" -> تاریخ: 1399/11/29 درصد پیشرفت برنامه ای: 36.8% درصد پیشرفت واقعی: 26.41% | H48: 1 | I48: 0.23 | J48: 1 | K48: =J31 -> 0.456 | L48: 0 | M48: 0 | N48: 0 | O48: =U47 -> 6 | P48: 6 | Q48: 5 | R48: 4 | S48: 6 | T48: 5 | U48: 4 | V48: =O48+3 -> 9 | W48: =P48+4 -> 10 | X48: =Q48+4 -> 9 | Y48: =R48+1 -> 5 | Z48: =S48+3 -> 9 | AA48: =T48+1 -> 6 | AB48: =U48+5 -> 9 | AF48: =INDEX(A:G,MATCH(AG48,C:C,0),1) -> 187 | AG48: 1402/08/10 | AH48: 46 | AI48: 1248376000000 | AJ48: 1244007000000 | AK48: =AI48-AJ48 -> 4369000000 | AL48: 0.6 | AM48: 0.9 | AN48: 0.5 | AO48: 0.5 | AP48: 0.62 | AQ48: =H48 -> 1 | AR48: 1 | AS48: =I48 -> 0.23 | AT48: =AT47+1% -> 0.36 | AU48: =J48 -> 1 | AV48: 1 | AW48: =K48 -> 0.456 | AX48: =AX47+2% -> 0.59 | AY48: =L48 -> 0 | AZ48: 0 | BA48: =M48 -> 0 | BB48: 0 | BC48: =N48 -> 0 | BD48: 0 | BE48: 187 | BF48: 1402/08/10 | BG48: 46 | BH48: 0.65 | BI48: 0.4 | BJ48: 0.77 | BK48: 0.55
A49: 47 | B49: 44251 | C49: =TEXT(B49,"[$-fa-IR,16]yyyy/mm/dd") -> 1399/12/06 | D49: 0.377 | E49: 0.273064 | F49: =IF($F$2=A49,E49,NA()) -> #N/A | G49: ="تاریخ: "&C49&CHAR(10)&"درصد پیشرفت برنامه ای: "&ROUND(D49*100,2)&"%"&CHAR(10)&"درصد پیشرفت واقعی: "&ROUND(E49*100,2)&"%" -> تاریخ: 1399/12/06 درصد پیشرفت برنامه ای: 37.7% درصد پیشرفت واقعی: 27.31% | H49: 1 | I49: 0.23 | J49: 1 | K49: =J32 -> 0.488 | L49: 0 | M49: 0 | N49: 0 | O49: =U48 -> 4 | P49: 4 | Q49: 5 | R49: 5 | S49: 6 | T49: 5 | U49: 6 | V49: =O49+3 -> 7 | W49: =P49+4 -> 8 | X49: =Q49+4 -> 9 | Y49: =R49+1 -> 6 | Z49: =S49+3 -> 9 | AA49: =T49+1 -> 6 | AB49: =U49+5 -> 11 | AF49: =INDEX(A:G,MATCH(AG49,C:C,0),1) -> 191 | AG49: 1402/09/08 | AH49: 47 | AI49: 1264936000000 | AJ49: 1260509000000 | AK49: =AI49-AJ49 -> 4427000000 | AL49: 0.66 | AM49: 0.7 | AN49: 0.8 | AO49: 0.55 | AP49: 0.5 | AQ49: =H49 -> 1 | AR49: 1 | AS49: =I49 -> 0.23 | AT49: =AT48+1% -> 0.37 | AU49: =J49 -> 1 | AV49: 1 | AW49: =K49 -> 0.488 | AX49: =AX48+2% -> 0.61 | AY49: =L49 -> 0 | AZ49: 0 | BA49: =M49 -> 0 | BB49: 0 | BC49: =N49 -> 0 | BD49: 0 | BE49: 191 | BF49: 1402/09/08 | BG49: 47 | BH49: 0.62 | BI49: 0.55 | BJ49: 0.4 | BK49: 0.6
A50: 48 | B50: 44258 | C50: =TEXT(B50,"[$-fa-IR,16]yyyy/mm/dd") -> 1399/12/13 | D50: 0.386 | E50: 0.282073 | F50: =IF($F$2=A50,E50,NA()) -> #N/A | G50: ="تاریخ: "&C50&CHAR(10)&"درصد پیشرفت برنامه ای: "&ROUND(D50*100,2)&"%"&CHAR(10)&"درصد پیشرفت واقعی: "&ROUND(E50*100,2)&"%" -> تاریخ: 1399/12/13 درصد پیشرفت برنامه ای: 38.6% درصد پیشرفت واقعی: 28.21% | H50: 1 | I50: 0.23 | J50: 1 | K50: =J33 -> 0.52 | L50: 0 | M50: 0 | N50: 0 | O50: =U49 -> 6 | P50: 6 | Q50: 5 | R50: 4 | S50: 6 | T50: 5 | U50: 4 | V50: =O50+3 -> 9 | W50: =P50+4 -> 10 | X50: =Q50+4 -> 9 | Y50: =R50+1 -> 5 | Z50: =S50+3 -> 9 | AA50: =T50+1 -> 6 | AB50: =U50+5 -> 9 | AF50: =INDEX(A:G,MATCH(AG50,C:C,0),1) -> 195 | AG50: 1402/10/06 | AH50: 48 | AI50: 1273299000000 | AJ50: 1268842000000 | AK50: =AI50-AJ50 -> 4457000000 | AL50: 0.55 | AM50: 0.4 | AN50: 0.4 | AO50: 0.9 | AP50: 0.8 | AQ50: =H50 -> 1 | AR50: 1 | AS50: =I50 -> 0.23 | AT50: =AT49+0.3% -> 0.373 | AU50: =J50 -> 1 | AV50: 1 | AW50: =K50 -> 0.52 | AX50: =AX49+2% -> 0.63 | AY50: =L50 -> 0 | AZ50: 0 | BA50: =M50 -> 0 | BB50: 0 | BC50: =N50 -> 0 | BD50: 0 | BE50: 195 | BF50: 1402/10/06 | BG50: 48 | BH50: 0.4 | BI50: 0.6 | BJ50: 0.55 | BK50: 0.45
A51: 49 | B51: 44265 | C51: =TEXT(B51,"[$-fa-IR,16]yyyy/mm/dd") -> 1399/12/20 | D51: 0.39 | E51: 0.287277 | F51: =IF($F$2=A51,E51,NA()) -> #N/A | G51: ="تاریخ: "&C51&CHAR(10)&"درصد پیشرفت برنامه ای: "&ROUND(D51*100,2)&"%"&CHAR(10)&"درصد پیشرفت واقعی: "&ROUND(E51*100,2)&"%" -> تاریخ: 1399/12/20 درصد پیشرفت برنامه ای: 39% درصد پیشرفت واقعی: 28.73% | H51: 1 | I51: 0.23 | J51: 1 | K51: =J34 -> 0.552 | L51: 0 | M51: 0 | N51: 0 | O51: =U50 -> 4 | P51: 10 | Q51: 9 | R51: 8 | S51: 7 | T51: 5 | U51: 4 | V51: =O51+3 -> 7 | W51: =P51+4 -> 14 | X51: =Q51+4 -> 13 | Y51: =R51+1 -> 9 | Z51: =S51+3 -> 10 | AA51: =T51+1 -> 6 | AB51: =U51+5 -> 9 | AF51: =INDEX(A:G,MATCH(AG51,C:C,0),1) -> 199 | AG51: 1402/11/04 | AH51: 49 | AI51: 1290190000000 | AJ51: 1285674000000 | AK51: =AI51-AJ51 -> 4516000000 | AL51: 0.7 | AM51: 0.55 | AN51: 0.1 | AO51: 0.4 | AP51: 0.9 | AQ51: =H51 -> 1 | AR51: 1 | AS51: =I51 -> 0.23 | AT51: =AT50+0.3% -> 0.376 | AU51: =J51 -> 1 | AV51: 1 | AW51: =K51 -> 0.552 | AX51: =AX50+3.2% -> 0.662 | AY51: =L51 -> 0 | AZ51: 0 | BA51: =M51 -> 0 | BB51: 0 | BC51: =N51 -> 0 | BD51: 0 | BE51: 199 | BF51: 1402/11/04 | BG51: 49 | BH51: 0.55 | BI51: 0.45 | BJ51: 0.6 | BK51: 0.77
A52: 50 | B52: 44272 | C52: =TEXT(B52,"[$-fa-IR,16]yyyy/mm/dd") -> 1399/12/27 | D52: 0.394 | E52: 0.292481 | F52: =IF($F$2=A52,E52,NA()) -> #N/A | G52: ="تاریخ: "&C52&CHAR(10)&"درصد پیشرفت برنامه ای: "&ROUND(D52*100,2)&"%"&CHAR(10)&"درصد پیشرفت واقعی: "&ROUND(E52*100,2)&"%" -> تاریخ: 1399/12/27 درصد پیشرفت برنامه ای: 39.4% درصد پیشرفت واقعی: 29.25% | H52: 1 | I52: 0.23 | J52: 1 | K52: =J35 -> 0.584 | L52: 0 | M52: 0 | N52: 0 | O52: =U51 -> 4 | P52: 10 | Q52: 9 | R52: 10 | S52: 11 | T52: 10 | U52: 11 | V52: =O52+3 -> 7 | W52: =P52+4 -> 14 | X52: =Q52+4 -> 13 | Y52: =R52+1 -> 11 | Z52: =S52+3 -> 14 | AA52: =T52+1 -> 11 | AB52: =U52+5 -> 16 | AF52: =INDEX(A:G,MATCH(AG52,C:C,0),1) -> 203 | AG52: 1402/12/02 | AH52: 50 | AI52: 1307305000000 | AJ52: 1302729000000 | AK52: =AI52-AJ52 -> 4576000000 | AL52: 0.4 | AM52: 0.69 | AN52: 0.5 | AO52: 0.2 | AP52: 0.4 | AQ52: =H52 -> 1 | AR52: 1 | AS52: =I52 -> 0.23 | AT52: =AT51+0.3% -> 0.379 | AU52: =J52 -> 1 | AV52: 1 | AW52: =K52 -> 0.584 | AX52: =AX51+3.2% -> 0.694 | AY52: =L52 -> 0 | AZ52: 0.03 | BA52: =M52 -> 0 | BB52: 0 | BC52: =N52 -> 0 | BD52: 0 | BE52: 203 | BF52: 1402/12/02 | BG52: 50 | BH52: 0.6 | BI52: 0.77 | BJ52: 0.45 | BK52: 0.2
A53: 51 | B53: 44279 | C53: =TEXT(B53,"[$-fa-IR,16]yyyy/mm/dd") -> 1400/01/04 | D53: 0.398 | E53: 0.297685 | F53: =IF($F$2=A53,E53,NA()) -> #N/A | G53: ="تاریخ: "&C53&CHAR(10)&"درصد پیشرفت برنامه ای: "&ROUND(D53*100,2)&"%"&CHAR(10)&"درصد پیشرفت واقعی: "&ROUND(E53*100,2)&"%" -> تاریخ: 1400/01/04 درصد پیشرفت برنامه ای: 39.8% درصد پیشرفت واقعی: 29.77% | H53: 1 | I53: 0.23 | J53: 1 | K53: =J36 -> 0.616 | L53: 0 | M53: 0 | N53: 0 | O53: =U52 -> 11 | P53: 12 | Q53: 11 | R53: 13 | S53: 11 | T53: 12 | U53: 13 | V53: =O53+3 -> 14 | W53: =P53+4 -> 16 | X53: =Q53+4 -> 15 | Y53: =R53+1 -> 14 | Z53: =S53+3 -> 14 | AA53: =T53+1 -> 13 | AB53: =U53+5 -> 18 | AF53: =INDEX(A:G,MATCH(AG53,C:C,0),1) -> 207 | AG53: 1403/01/01 | AH53: 51 | AI53: 1324647000000 | AJ53: 1320011000000 | AK53: =AI53-AJ53 -> 4636000000 | AL53: 0.35 | AM53: 0.4 | AN53: 0.9 | AO53: 0.8 | AP53: 0.2 | AQ53: =H53 -> 1 | AR53: 1 | AS53: =I53 -> 0.23 | AT53: =AT52+0.3% -> 0.382 | AU53: =J53 -> 1 | AV53: 1 | AW53: =K53 -> 0.616 | AX53: =AX52+3.2% -> 0.726 | AY53: =L53 -> 0 | AZ53: 0.05 | BA53: =M53 -> 0 | BB53: 0 | BC53: =N53 -> 0 | BD53: 0 | BE53: 207 | BF53: 1403/01/01 | BG53: 51 | BH53: 0.45 | BI53: 0.4 | BJ53: 0.52 | BK53: 0.45
A54: 52 | B54: 44286 | C54: =TEXT(B54,"[$-fa-IR,16]yyyy/mm/dd") -> 1400/01/11 | D54: 0.402 | E54: 0.302889 | F54: =IF($F$2=A54,E54,NA()) -> #N/A | G54: ="تاریخ: "&C54&CHAR(10)&"درصد پیشرفت برنامه ای: "&ROUND(D54*100,2)&"%"&CHAR(10)&"درصد پیشرفت واقعی: "&ROUND(E54*100,2)&"%" -> تاریخ: 1400/01/11 درصد پیشرفت برنامه ای: 40.2% درصد پیشرفت واقعی: 30.29% | H54: 1 | I54: 0.23 | J54: 1 | K54: =J37 -> 0.648 | L54: 0 | M54: 0 | N54: 0 | O54: =U53 -> 13 | P54: 16 | Q54: 18 | R54: 18 | S54: 15 | T54: 15 | U54: 14 | V54: =O54+3 -> 16 | W54: =P54+4 -> 20 | X54: =Q54+4 -> 22 | Y54: =R54+1 -> 19 | Z54: =S54+3 -> 18 | AA54: =T54+1 -> 16 | AB54: =U54+5 -> 19 | AF54: =INDEX(A:G,MATCH(AG54,C:C,0),1) -> 211 | AG54: 1403/01/29 | AH54: 52 | AI54: 1342219000000 | AJ54: 1337521000000 | AK54: =AI54-AJ54 -> 4698000000 | AL54: 0.85 | AM54: 0.8 | AN54: 0.5 | AO54: 0.6 | AP54: 0.6 | AQ54: =H54 -> 1 | AR54: 1 | AS54: =I54 -> 0.23 | AT54: =AT53+0.3% -> 0.385 | AU54: =J54 -> 1 | AV54: 1 | AW54: =K54 -> 0.648 | AX54: =AX53+3.2% -> 0.758 | AY54: =L54 -> 0 | AZ54: =AZ53+3% -> 0.08 | BA54: =M54 -> 0 | BB54: 0 | BC54: =N54 -> 0 | BD54: 0 | BE54: 211 | BF54: 1403/01/29 | BG54: 52 | BH54: 0.77 | BI54: 0.55 | BJ54: 0.62 | BK54: 0.52
A55: 53 | B55: 44293 | C55: =TEXT(B55,"[$-fa-IR,16]yyyy/mm/dd") -> 1400/01/18 | D55: 0.406 | E55: 0.294093 | F55: =IF($F$2=A55,E55,NA()) -> #N/A | G55: ="تاریخ: "&C55&CHAR(10)&"درصد پیشرفت برنامه ای: "&ROUND(D55*100,2)&"%"&CHAR(10)&"درصد پیشرفت واقعی: "&ROUND(E55*100,2)&"%" -> تاریخ: 1400/01/18 درصد پیشرفت برنامه ای: 40.6% درصد پیشرفت واقعی: 29.41% | H55: 1 | I55: =I54+1% -> 0.24 | J55: 1 | K55: =J38 -> 0.68 | L55: 0 | M55: 0 | N55: 0 | O55: =U54 -> 14 | P55: 15 | Q55: 15 | R55: 18 | S55: 17 | T55: 18 | U55: 19 | V55: =O55+3 -> 17 | W55: =P55+4 -> 19 | X55: =Q55+4 -> 19 | Y55: =R55+1 -> 19 | Z55: =S55+3 -> 20 | AA55: =T55+1 -> 19 | AB55: =U55+5 -> 24 | AF55: =INDEX(A:G,MATCH(AG55,C:C,0),1) -> 215 | AG55: 1403/02/26 | AH55: 53 | AI55: 1355551000000 | AJ55: 1350807000000 | AK55: =AI55-AJ55 -> 4744000000 | AL55: 0.9 | AM55: 0.95 | AN55: 0.8 | AO55: 0.7 | AP55: 0.1 | AQ55: =H55 -> 1 | AR55: 1 | AS55: =I55 -> 0.24 | AT55: =AT54+0.3% -> 0.388 | AU55: =J55 -> 1 | AV55: 1 | AW55: =K55 -> 0.68 | AX55: =AX54+3.2% -> 0.79 | AY55: =L55 -> 0 | AZ55: =AZ54+3% -> 0.11 | BA55: =M55 -> 0 | BB55: 0 | BC55: =N55 -> 0 | BD55: 0 | BE55: 215 | BF55: 1403/02/26 | BG55: 53 | BH55: 0.2 | BI55: 0.6 | BJ55: 0.4 | BK55: 0.62
A56: 54 | B56: 44300 | C56: =TEXT(B56,"[$-fa-IR,16]yyyy/mm/dd") -> 1400/01/25 | D56: 0.41 | E56: 0.294093 | F56: =IF($F$2=A56,E56,NA()) -> #N/A | G56: ="تاریخ: "&C56&CHAR(10)&"درصد پیشرفت برنامه ای: "&ROUND(D56*100,2)&"%"&CHAR(10)&"درصد پیشرفت واقعی: "&ROUND(E56*100,2)&"%" -> تاریخ: 1400/01/25 درصد پیشرفت برنامه ای: 41% درصد پیشرفت واقعی: 29.41% | H56: 1 | I56: =I55+1% -> 0.25 | J56: 1 | K56: =J39 -> 0.712 | L56: 0 | M56: 0 | N56: 0 | O56: =U55 -> 19 | P56: 19 | Q56: 17 | R56: 17 | S56: 19 | T56: 20 | U56: 21 | V56: =O56+3 -> 22 | W56: =P56+4 -> 23 | X56: =Q56+4 -> 21 | Y56: =R56+1 -> 18 | Z56: =S56+3 -> 22 | AA56: =T56+1 -> 21 | AB56: =U56+5 -> 26 | AF56: =INDEX(A:G,MATCH(AG56,C:C,0),1) -> 219 | AG56: 1403/03/23 | AH56: 54 | AI56: 1355551000000 | AJ56: 1350807000000 | AK56: =AI56-AJ56 -> 4744000000 | AL56: 0.7 | AM56: 0.68 | AN56: 0.5 | AO56: 0.9 | AP56: 0.55 | AQ56: =H56 -> 1 | AR56: 1 | AS56: =I56 -> 0.25 | AT56: =AT55+0.3% -> 0.391 | AU56: =J56 -> 1 | AV56: 1 | AW56: =K56 -> 0.712 | AX56: =AX55+3.2% -> 0.822 | AY56: =L56 -> 0 | AZ56: =AZ55+3% -> 0.14 | BA56: =M56 -> 0 | BB56: 0 | BC56: =N56 -> 0 | BD56: 0 | BE56: 219 | BF56: 1403/03/23 | BG56: 54 | BH56: 0.45 | BI56: 0.45 | BJ56: 0.55 | BK56: 0.64
A57: 55 | B57: 44307 | C57: =TEXT(B57,"[$-fa-IR,16]yyyy/mm/dd") -> 1400/02/01 | D57: 0.418 | E57: 0.294093 | F57: =IF($F$2=A57,E57,NA()) -> #N/A | G57: ="تاریخ: "&C57&CHAR(10)&"درصد پیشرفت برنامه ای: "&ROUND(D57*100,2)&"%"&CHAR(10)&"درصد پیشرفت واقعی: "&ROUND(E57*100,2)&"%" -> تاریخ: 1400/02/01 درصد پیشرفت برنامه ای: 41.8% درصد پیشرفت واقعی: 29.41% | H57: 1 | I57: =I56+1% -> 0.26 | J57: 1 | K57: =J40 -> 0.744 | L57: 0 | M57: 0 | N57: 0 | O57: =U56 -> 21 | P57: 22 | Q57: 22 | R57: 23 | S57: 21 | T57: 22 | U57: 24 | V57: =O57+3 -> 24 | W57: =P57+4 -> 26 | X57: =Q57+4 -> 26 | Y57: =R57+1 -> 24 | Z57: =S57+3 -> 24 | AA57: =T57+1 -> 23 | AB57: =U57+5 -> 29 | AF57: =INDEX(A:G,MATCH(AG57,C:C,0),1) -> 223 | AG57: 1403/04/20 | AH57: 55 | AI57: 1369015000000 | AJ57: 1364223000000 | AK57: =AI57-AJ57 -> 4792000000 | AL57: 0.6 | AM57: 0.5 | AN57: 0.66 | AO57: 0.5 | AP57: 0.9 | AQ57: =H57 -> 1 | AR57: 1 | AS57: =I57 -> 0.26 | AT57: =AT56+0.3% -> 0.394 | AU57: =J57 -> 1 | AV57: 1 | AW57: =K57 -> 0.744 | AX57: =AX56+3.2% -> 0.854 | AY57: =L57 -> 0 | AZ57: =AZ56+3% -> 0.17 | BA57: =M57 -> 0 | BB57: 0 | BC57: =N57 -> 0 | BD57: 0 | BE57: 223 | BF57: 1403/04/20 | BG57: 55 | BH57: 0.52 | BI57: 0.52 | BJ57: 0.6 | BK57: 0.65
A58: 56 | B58: 44314 | C58: =TEXT(B58,"[$-fa-IR,16]yyyy/mm/dd") -> 1400/02/08 | D58: 0.426 | E58: 0.294093 | F58: =IF($F$2=A58,E58,NA()) -> #N/A | G58: ="تاریخ: "&C58&CHAR(10)&"درصد پیشرفت برنامه ای: "&ROUND(D58*100,2)&"%"&CHAR(10)&"درصد پیشرفت واقعی: "&ROUND(E58*100,2)&"%" -> تاریخ: 1400/02/08 درصد پیشرفت برنامه ای: 42.6% درصد پیشرفت واقعی: 29.41% | H58: 1 | I58: =I57+1% -> 0.27 | J58: 1 | K58: =J41 -> 0.776 | L58: =K34 -> 0.03 | M58: 0 | N58: 0 | O58: =U57 -> 24 | P58: 23 | Q58: 24 | R58: 23 | S58: 25 | T58: 25 | U58: 26 | V58: =O58+3 -> 27 | W58: =P58+4 -> 27 | X58: =Q58+4 -> 28 | Y58: =R58+1 -> 24 | Z58: =S58+3 -> 28 | AA58: =T58+1 -> 26 | AB58: =U58+5 -> 31 | AF58: =INDEX(A:G,MATCH(AG58,C:C,0),1) -> 227 | AG58: 1403/05/17 | AH58: 56 | AI58: 1387176000000 | AJ58: 1382321000000 | AK58: =AI58-AJ58 -> 4855000000 | AL58: 0.55 | AM58: 0.62 | AN58: 0.78 | AO58: 0.42 | AP58: 0.8 | AQ58: =H58 -> 1 | AR58: 1 | AS58: =I58 -> 0.27 | AT58: =AT57+0.3% -> 0.397 | AU58: =J58 -> 1 | AV58: 1 | AW58: =K58 -> 0.776 | AX58: =AX57+3.2% -> 0.886 | AY58: =L58 -> 0.03 | AZ58: =AZ57+3% -> 0.2 | BA58: =M58 -> 0 | BB58: 0 | BC58: =N58 -> 0 | BD58: 0 | BE58: 227 | BF58: 1403/05/17 | BG58: 56 | BH58: 0.62 | BI58: 0.62 | BJ58: 0.45 | BK58: 0.62
A59: 57 | B59: 44321 | C59: =TEXT(B59,"[$-fa-IR,16]yyyy/mm/dd") -> 1400/02/15 | D59: 0.434 | E59: 0.294093 | F59: =IF($F$2=A59,E59,NA()) -> #N/A | G59: ="تاریخ: "&C59&CHAR(10)&"درصد پیشرفت برنامه ای: "&ROUND(D59*100,2)&"%"&CHAR(10)&"درصد پیشرفت واقعی: "&ROUND(E59*100,2)&"%" -> تاریخ: 1400/02/15 درصد پیشرفت برنامه ای: 43.4% درصد پیشرفت واقعی: 29.41% | H59: 1 | I59: =I58+1% -> 0.28 | J59: 1 | K59: =J42 -> 0.808 | L59: =K35 -> 0.04 | M59: 0 | N59: 0 | O59: =U58 -> 26 | P59: 25 | Q59: 25 | R59: 26 | S59: 26 | T59: 25 | U59: 25 | V59: =O59+3 -> 29 | W59: =P59+4 -> 29 | X59: =Q59+4 -> 29 | Y59: =R59+1 -> 27 | Z59: =S59+3 -> 29 | AA59: =T59+1 -> 26 | AB59: =U59+5 -> 30 | AF59: =INDEX(A:G,MATCH(AG59,C:C,0),1) -> 231 | AG59: 1403/06/14 | AH59: 57 | AI59: 1405577000000 | AJ59: 1400657000000 | AK59: =AI59-AJ59 -> 4920000000 | AL59: 0.6 | AM59: 0.9 | AN59: 0.5 | AO59: 0.5 | AP59: 0.62 | AQ59: =H59 -> 1 | AR59: 1 | AS59: =I59 -> 0.28 | AT59: =AT58+0.3% -> 0.4 | AU59: =J59 -> 1 | AV59: 1 | AW59: =K59 -> 0.808 | AX59: =AX58+3.2% -> 0.918 | AY59: =L59 -> 0.04 | AZ59: =AZ58+3% -> 0.23 | BA59: =M59 -> 0 | BB59: 0 | BC59: =N59 -> 0 | BD59: 0 | BE59: 231 | BF59: 1403/06/14 | BG59: 57 | BH59: 0.64 | BI59: 0.4 | BJ59: 0.77 | BK59: 0.4
A60: 58 | B60: 44328 | C60: =TEXT(B60,"[$-fa-IR,16]yyyy/mm/dd") -> 1400/02/22 | D60: 0.442 | E60: 0.304501 | F60: =IF($F$2=A60,E60,NA()) -> #N/A | G60: ="تاریخ: "&C60&CHAR(10)&"درصد پیشرفت برنامه ای: "&ROUND(D60*100,2)&"%"&CHAR(10)&"درصد پیشرفت واقعی: "&ROUND(E60*100,2)&"%" -> تاریخ: 1400/02/22 درصد پیشرفت برنامه ای: 44.2% درصد پیشرفت واقعی: 30.45% | H60: 1 | I60: =I59+1% -> 0.29 | J60: 1 | K60: =J43 -> 0.84 | L60: =K36 -> 0.072 | M60: 0 | N60: 0 | O60: =U59 -> 25 | P60: 26 | Q60: 26 | R60: 27 | S60: 28 | T60: 29 | U60: 29 | V60: =O60+3 -> 28 | W60: =P60+4 -> 30 | X60: =Q60+4 -> 30 | Y60: =R60+1 -> 28 | Z60: =S60+3 -> 31 | AA60: =T60+1 -> 30 | AB60: =U60+5 -> 34 | AF60: =INDEX(A:G,MATCH(AG60,C:C,0),1) -> 235 | AG60: 1403/07/11 | AH60: 58 | AI60: 1424223000000 | AJ60: 1419238000000 | AK60: =AI60-AJ60 -> 4985000000 | AL60: 0.66 | AM60: 0.7 | AN60: 0.8 | AO60: 0.55 | AP60: 0.5 | AQ60: =H60 -> 1 | AR60: 1 | AS60: =I60 -> 0.29 | AT60: =AT59+0.3% -> 0.403 | AU60: =J60 -> 1 | AV60: 1 | AW60: =K60 -> 0.84 | AX60: =AX59+3.2% -> 0.95 | AY60: =L60 -> 0.072 | AZ60: =AZ59+3% -> 0.26 | BA60: =M60 -> 0 | BB60: 0 | BC60: =N60 -> 0 | BD60: 0 | BE60: 235 | BF60: 1403/07/11 | BG60: 58 | BH60: 0.65 | BI60: 0.55 | BJ60: 0.4 | BK60: 0.55
A61: 59 | B61: 44335 | C61: =TEXT(B61,"[$-fa-IR,16]yyyy/mm/dd") -> 1400/02/29 | D61: 0.45 | E61: 0.314909 | F61: =IF($F$2=A61,E61,NA()) -> #N/A | G61: ="تاریخ: "&C61&CHAR(10)&"درصد پیشرفت برنامه ای: "&ROUND(D61*100,2)&"%"&CHAR(10)&"درصد پیشرفت واقعی: "&ROUND(E61*100,2)&"%" -> تاریخ: 1400/02/29 درصد پیشرفت برنامه ای: 45% درصد پیشرفت واقعی: 31.49% | H61: 1 | I61: =I60+1% -> 0.3 | J61: 1 | K61: =J44 -> 0.872 | L61: =K37 -> 0.104 | M61: 0 | N61: 0 | O61: =U60 -> 29 | P61: 29 | Q61: 28 | R61: 29 | S61: 30 | T61: 31 | U61: 30 | V61: =O61+3 -> 32 | W61: =P61+4 -> 33 | X61: =Q61+4 -> 32 | Y61: =R61+1 -> 30 | Z61: =S61+3 -> 33 | AA61: =T61+1 -> 32 | AB61: =U61+5 -> 35 | AF61: =INDEX(A:G,MATCH(AG61,C:C,0),1) -> 239 | AG61: 1403/08/09 | AH61: 59 | AI61: 1443116000000 | AJ61: 1438065000000 | AK61: =AI61-AJ61 -> 5051000000 | AL61: 0.55 | AM61: 0.4 | AN61: 0.4 | AO61: 0.9 | AP61: 0.8 | AQ61: =H61 -> 1 | AR61: 1 | AS61: =I61 -> 0.3 | AT61: =AT60+0.3% -> 0.406 | AU61: =J61 -> 1 | AV61: 1 | AW61: =K61 -> 0.872 | AX61: =AX60+3.2% -> 0.982 | AY61: =L61 -> 0.104 | AZ61: =AZ60+3% -> 0.29 | BA61: =M61 -> 0 | BB61: 0 | BC61: =N61 -> 0 | BD61: 0 | BE61: 239 | BF61: 1403/08/09 | BG61: 59 | BH61: 0.62 | BI61: 0.6 | BJ61: 0.55 | BK61: 0.6
A62: 60 | B62: 44342 | C62: =TEXT(B62,"[$-fa-IR,16]yyyy/mm/dd") -> 1400/03/05 | D62: 0.458 | E62: 0.325317 | F62: =IF($F$2=A62,E62,NA()) -> #N/A | G62: ="تاریخ: "&C62&CHAR(10)&"درصد پیشرفت برنامه ای: "&ROUND(D62*100,2)&"%"&CHAR(10)&"درصد پیشرفت واقعی: "&ROUND(E62*100,2)&"%" -> تاریخ: 1400/03/05 درصد پیشرفت برنامه ای: 45.8% درصد پیشرفت واقعی: 32.53% | H62: 1 | I62: =I61+1% -> 0.31 | J62: 1 | K62: =J45 -> 0.904 | L62: =K38 -> 0.136 | M62: 0 | N62: 0 | O62: =U61 -> 30 | P62: 25 | Q62: 25 | R62: 26 | S62: 26 | T62: 25 | U62: 25 | V62: =O62+3 -> 33 | W62: =P62+4 -> 29 | X62: =Q62+4 -> 29 | Y62: =R62+1 -> 27 | Z62: =S62+3 -> 29 | AA62: =T62+1 -> 26 | AB62: =U62+5 -> 30 | AF62: =INDEX(A:G,MATCH(AG62,C:C,0),1) -> 243 | AG62: 1403/09/07 | AH62: 60 | AI62: 1462259000000 | AJ62: 1457141000000 | AK62: =AI62-AJ62 -> 5118000000 | AL62: 0.7 | AM62: 0.55 | AN62: 0.1 | AO62: 0.4 | AP62: 0.9 | AQ62: =H62 -> 1 | AR62: 1 | AS62: =I62 -> 0.31 | AT62: =AT61+0.3% -> 0.409 | AU62: =J62 -> 1 | AV62: 1 | AW62: =K62 -> 0.904 | AX62: 1 | AY62: =L62 -> 0.136 | AZ62: =AZ61+3% -> 0.32 | BA62: =M62 -> 0 | BB62: 0 | BC62: =N62 -> 0 | BD62: 0 | BE62: 243 | BF62: 1403/09/07 | BG62: 60 | BH62: 0.4 | BI62: 0.45 | BJ62: 0.6 | BK62: 0.45
A63: 61 | B63: 44349 | C63: =TEXT(B63,"[$-fa-IR,16]yyyy/mm/dd") -> 1400/03/12 | D63: 0.466 | E63: 0.335725 | F63: =IF($F$2=A63,E63,NA()) -> #N/A | G63: ="تاریخ: "&C63&CHAR(10)&"درصد پیشرفت برنامه ای: "&ROUND(D63*100,2)&"%"&CHAR(10)&"درصد پیشرفت واقعی: "&ROUND(E63*100,2)&"%" -> تاریخ: 1400/03/12 درصد پیشرفت برنامه ای: 46.6% درصد پیشرفت واقعی: 33.57% | H63: 1 | I63: =I62+1% -> 0.32 | J63: 1 | K63: =J46 -> 0.936 | L63: =K39 -> 0.168 | M63: 0 | N63: 0 | O63: =U62 -> 25 | P63: 26 | Q63: 26 | R63: 27 | S63: 28 | T63: 29 | U63: 29 | V63: =O63+3 -> 28 | W63: =P63+4 -> 30 | X63: =Q63+4 -> 30 | Y63: =R63+1 -> 28 | Z63: =S63+3 -> 31 | AA63: =T63+1 -> 30 | AB63: =U63+5 -> 34 | AF63: =INDEX(A:G,MATCH(AG63,C:C,0),1) -> 247 | AG63: 1403/10/05 | AH63: 61 | AI63: 1481657000000 | AJ63: 1476471000000 | AK63: =AI63-AJ63 -> 5186000000 | AL63: 0.4 | AM63: 0.69 | AN63: 0.5 | AO63: 0.2 | AP63: 0.4 | AQ63: =H63 -> 1 | AR63: 1 | AS63: =I63 -> 0.32 | AT63: =AT62+0.3% -> 0.412 | AU63: =J63 -> 1 | AV63: 1 | AW63: =K63 -> 0.936 | AX63: 1 | AY63: =L63 -> 0.168 | AZ63: =AZ62+3% -> 0.35 | BA63: =M63 -> 0 | BB63: 0 | BC63: =N63 -> 0 | BD63: 0 | BE63: 247 | BF63: 1403/10/05 | BG63: 61 | BH63: 0.55 | BI63: 0.77 | BJ63: 0.45 | BK63: 0.77
A64: 62 | B64: 44356 | C64: =TEXT(B64,"[$-fa-IR,16]yyyy/mm/dd") -> 1400/03/19 | D64: 0.4777 | E64: 0.3509467 | F64: =IF($F$2=A64,E64,NA()) -> #N/A | G64: ="تاریخ: "&C64&CHAR(10)&"درصد پیشرفت برنامه ای: "&ROUND(D64*100,2)&"%"&CHAR(10)&"درصد پیشرفت واقعی: "&ROUND(E64*100,2)&"%" -> تاریخ: 1400/03/19 درصد پیشرفت برنامه ای: 47.77% درصد پیشرفت واقعی: 35.09% | H64: 1 | I64: =I63+1% -> 0.33 | J64: 1 | K64: =J47 -> 0.968 | L64: =K40 -> 0.2 | M64: 0 | N64: 0 | O64: =U63 -> 29 | P64: 29 | Q64: 28 | R64: 29 | S64: 30 | T64: 31 | U64: 30 | V64: =O64+3 -> 32 | W64: =P64+4 -> 33 | X64: =Q64+4 -> 32 | Y64: =R64+1 -> 30 | Z64: =S64+3 -> 33 | AA64: =T64+1 -> 32 | AB64: =U64+5 -> 35 | AF64: =INDEX(A:G,MATCH(AG64,C:C,0),1) -> 251 | AG64: 1403/11/03 | AH64: 62 | AI64: 1481657000000 | AJ64: 1476471000000 | AK64: =AI64-AJ64 -> 5186000000 | AL64: 0.35 | AM64: 0.4 | AN64: 0.9 | AO64: 0.8 | AP64: 0.2 | AQ64: =H64 -> 1 | AR64: 1 | AS64: =I64 -> 0.33 | AT64: =AT63+0.3% -> 0.415 | AU64: =J64 -> 1 | AV64: 1 | AW64: =K64 -> 0.968 | AX64: 1 | AY64: =L64 -> 0.2 | AZ64: =AZ63+3% -> 0.38 | BA64: =M64 -> 0 | BB64: 0 | BC64: =N64 -> 0 | BD64: 0 | BE64: 251 | BF64: 1403/11/03 | BG64: 62 | BH64: 0.6 | BI64: 0.4 | BJ64: 0.6 | BK64: 0.4
A65: 63 | B65: 44363 | C65: =TEXT(B65,"[$-fa-IR,16]yyyy/mm/dd") -> 1400/03/26 | D65: 0.4894 | E65: 0.3661684 | F65: =IF($F$2=A65,E65,NA()) -> #N/A | G65: ="تاریخ: "&C65&CHAR(10)&"درصد پیشرفت برنامه ای: "&ROUND(D65*100,2)&"%"&CHAR(10)&"درصد پیشرفت واقعی: "&ROUND(E65*100,2)&"%" -> تاریخ: 1400/03/26 درصد پیشرفت برنامه ای: 48.94% درصد پیشرفت واقعی: 36.62% | H65: 1 | I65: 0.34 | J65: 1 | K65: =J48 -> 1 | L65: =K41 -> 0.232 | M65: 0 | N65: 0 | O65: =U64 -> 30 | P65: 31 | Q65: 31 | R65: 32 | S65: 31 | T65: 33 | U65: 30 | V65: =O65+3 -> 33 | W65: =P65+4 -> 35 | X65: =Q65+4 -> 35 | Y65: =R65+1 -> 33 | Z65: =S65+3 -> 34 | AA65: =T65+1 -> 34 | AB65: =U65+5 -> 35 | AF65: =INDEX(A:G,MATCH(AG65,C:C,0),1) -> 255 | AG65: 1403/12/01 | AH65: 63 | AI65: 1481657000000 | AJ65: 1476471000000 | AK65: =AI65-AJ65 -> 5186000000 | AL65: 0.85 | AM65: 0.8 | AN65: 0.5 | AO65: 0.6 | AP65: 0.6 | AQ65: =H65 -> 1 | AR65: 1 | AS65: =I65 -> 0.34 | AT65: =AT64+0.3% -> 0.418 | AU65: =J65 -> 1 | AV65: 1 | AW65: =K65 -> 1 | AX65: 1 | AY65: =L65 -> 0.232 | AZ65: =AZ64+3% -> 0.41 | BA65: =M65 -> 0 | BB65: 0 | BC65: =N65 -> 0 | BD65: 0 | BE65: 255 | BF65: 1403/12/01 | BG65: 63 | BH65: 0.45 | BI65: 0.6 | BJ65: 0.45 | BK65: 0.55
A66: 64 | B66: 44370 | C66: =TEXT(B66,"[$-fa-IR,16]yyyy/mm/dd") -> 1400/04/02 | D66: 0.5011 | E66: 0.3813901 | F66: =IF($F$2=A66,E66,NA()) -> #N/A | G66: ="تاریخ: "&C66&CHAR(10)&"درصد پیشرفت برنامه ای: "&ROUND(D66*100,2)&"%"&CHAR(10)&"درصد پیشرفت واقعی: "&ROUND(E66*100,2)&"%" -> تاریخ: 1400/04/02 درصد پیشرفت برنامه ای: 50.11% درصد پیشرفت واقعی: 38.14% | H66: 1 | I66: 0.34 | J66: 1 | K66: =J49 -> 1 | L66: =K42 -> 0.264 | M66: 0 | N66: 0 | O66: =U65 -> 30 | P66: 32 | Q66: 33 | R66: 34 | S66: 32 | T66: 35 | U66: 34 | V66: =O66+3 -> 33 | W66: =P66+4 -> 36 | X66: =Q66+4 -> 37 | Y66: =R66+1 -> 35 | Z66: =S66+3 -> 35 | AA66: =T66+1 -> 36 | AB66: =U66+5 -> 39 | AF66: =INDEX(A:G,MATCH(AG66,C:C,0),1) -> 259 | AG66: 1403/12/29 | AH66: 64 | AI66: 1496374000000 | AJ66: 1491137000000 | AK66: =AI66-AJ66 -> 5237000000 | AL66: 0.9 | AM66: 0.95 | AN66: 0.8 | AO66: 0.7 | AP66: 0.1 | AQ66: =H66 -> 1 | AR66: 1 | AS66: =I66 -> 0.34 | AT66: =AT65+0.3% -> 0.421 | AU66: =J66 -> 1 | AV66: 1 | AW66: =K66 -> 1 | AX66: 1 | AY66: =L66 -> 0.264 | AZ66: =AZ65+3% -> 0.44 | BA66: =M66 -> 0 | BB66: 0 | BC66: =N66 -> 0 | BD66: 0 | BE66: 259 | BF66: 1403/12/29 | BG66: 64 | BH66: 0.77 | BI66: 0.45 | BJ66: 0.77 | BK66: 0.6
A67: 65 | B67: 44377 | C67: =TEXT(B67,"[$-fa-IR,16]yyyy/mm/dd") -> 1400/04/09 | D67: 0.5128 | E67: 0.3966118 | F67: =IF($F$2=A67,E67,NA()) -> #N/A | G67: ="تاریخ: "&C67&CHAR(10)&"درصد پیشرفت برنامه ای: "&ROUND(D67*100,2)&"%"&CHAR(10)&"درصد پیشرفت واقعی: "&ROUND(E67*100,2)&"%" -> تاریخ: 1400/04/09 درصد پیشرفت برنامه ای: 51.28% درصد پیشرفت واقعی: 39.66% | H67: 1 | I67: 0.34 | J67: 1 | K67: =J50 -> 1 | L67: =K43 -> 0.296 | M67: 0 | N67: 0 | O67: =U66 -> 34 | P67: 36 | Q67: 37 | R67: 36 | S67: 38 | T67: 36 | U67: 36 | V67: =O67+3 -> 37 | W67: =P67+4 -> 40 | X67: =Q67+4 -> 41 | Y67: =R67+1 -> 37 | Z67: =S67+3 -> 41 | AA67: =T67+1 -> 37 | AB67: =U67+5 -> 41 | AF67: =INDEX(A:G,MATCH(AG67,C:C,0),1) -> 260 | AG67: 1404/01/06 | AH67: 65 | AI67: 1500000000000 | AJ67: 1494750000000 | AK67: =AI67-AJ67 -> 5250000000 | AL67: 0.7 | AM67: 0.68 | AN67: 0.5 | AO67: 0.9 | AP67: 0.55 | AQ67: =H67 -> 1 | AR67: 1 | AS67: =I67 -> 0.34 | AT67: =AT66+0.3% -> 0.424 | AU67: =J67 -> 1 | AV67: 1 | AW67: =K67 -> 1 | AX67: 1 | AY67: =L67 -> 0.296 | AZ67: =AZ66+3% -> 0.47 | BA67: =M67 -> 0 | BB67: 0 | BC67: =N67 -> 0 | BD67: 0 | BE67: 260 | BF67: 1404/01/06 | BG67: 65 | BH67: 0.2 | BI67: 0.77 | BJ67: 0.4 | BK67: 0.45
A68: 66 | B68: 44384 | C68: =TEXT(B68,"[$-fa-IR,16]yyyy/mm/dd") -> 1400/04/16 | D68: 0.5245 | E68: 0.3966118 | F68: =IF($F$2=A68,E68,NA()) -> #N/A | G68: ="تاریخ: "&C68&CHAR(10)&"درصد پیشرفت برنامه ای: "&ROUND(D68*100,2)&"%"&CHAR(10)&"درصد پیشرفت واقعی: "&ROUND(E68*100,2)&"%" -> تاریخ: 1400/04/16 درصد پیشرفت برنامه ای: 52.45% درصد پیشرفت واقعی: 39.66% | H68: 1 | I68: 0.34 | J68: 1 | K68: =J51 -> 1 | L68: =K44 -> 0.328 | M68: 0 | N68: 0 | O68: =U67 -> 36 | P68: 38 | Q68: 39 | R68: 40 | S68: 39 | T68: 40 | U68: 39 | V68: =O68+3 -> 39 | W68: =P68+4 -> 42 | X68: =Q68+4 -> 43 | Y68: =R68+1 -> 41 | Z68: =S68+3 -> 42 | AA68: =T68+1 -> 41 | AB68: =U68+5 -> 44 | AL68: 0.6 | AM68: 0.5 | AN68: 0.66 | AO68: 0.5 | AP68: 0.9 | AQ68: =H68 -> 1 | AR68: 1 | AS68: =I68 -> 0.34 | AT68: =AT67+0.3% -> 0.427 | AU68: =J68 -> 1 | AV68: 1 | AW68: =K68 -> 1 | AX68: 1 | AY68: =L68 -> 0.328 | AZ68: =AZ67+3% -> 0.5 | BA68: =M68 -> 0 | BB68: 0 | BC68: =N68 -> 0 | BD68: 0
A69: 67 | B69: 44391 | C69: =TEXT(B69,"[$-fa-IR,16]yyyy/mm/dd") -> 1400/04/23 | D69: 0.5362 | E69: 0.3966118 | F69: =IF($F$2=A69,E69,NA()) -> #N/A | G69: ="تاریخ: "&C69&CHAR(10)&"درصد پیشرفت برنامه ای: "&ROUND(D69*100,2)&"%"&CHAR(10)&"درصد پیشرفت واقعی: "&ROUND(E69*100,2)&"%" -> تاریخ: 1400/04/23 درصد پیشرفت برنامه ای: 53.62% درصد پیشرفت واقعی: 39.66% | H69: 1 | I69: 0.34 | J69: 1 | K69: =J52 -> 1 | L69: =K45 -> 0.36 | M69: 0 | N69: 0 | O69: =U68 -> 39 | P69: 40 | Q69: 41 | R69: 40 | S69: 42 | T69: 43 | U69: 42 | V69: =O69+3 -> 42 | W69: =P69+4 -> 44 | X69: =Q69+4 -> 45 | Y69: =R69+1 -> 41 | Z69: =S69+3 -> 45 | AA69: =T69+1 -> 44 | AB69: =U69+5 -> 47 | AL69: 0.55 | AM69: 0.62 | AN69: 0.78 | AO69: 0.42 | AP69: 0.8 | AQ69: =H69 -> 1 | AR69: 1 | AS69: =I69 -> 0.34 | AT69: =AT68+0.3% -> 0.43 | AU69: =J69 -> 1 | AV69: 1 | AW69: =K69 -> 1 | AX69: 1 | AY69: =L69 -> 0.36 | AZ69: =AZ68+3% -> 0.53 | BA69: =M69 -> 0 | BB69: 0 | BC69: =N69 -> 0 | BD69: 0
A70: 68 | B70: 44398 | C70: =TEXT(B70,"[$-fa-IR,16]yyyy/mm/dd") -> 1400/04/30 | D70: 0.5479 | E70: 0.4118335 | F70: =IF($F$2=A70,E70,NA()) -> #N/A | G70: ="تاریخ: "&C70&CHAR(10)&"درصد پیشرفت برنامه ای: "&ROUND(D70*100,2)&"%"&CHAR(10)&"درصد پیشرفت واقعی: "&ROUND(E70*100,2)&"%" -> تاریخ: 1400/04/30 درصد پیشرفت برنامه ای: 54.79% درصد پیشرفت واقعی: 41.18% | H70: 1 | I70: =I69+1% -> 0.35 | J70: 1 | K70: =J53 -> 1 | L70: =K46 -> 0.392 | M70: 0 | N70: 0 | O70: =U69 -> 42 | P70: 43 | Q70: 44 | R70: 42 | S70: 43 | T70: 45 | U70: 45 | V70: =O70+3 -> 45 | W70: =P70+4 -> 47 | X70: =Q70+4 -> 48 | Y70: =R70+1 -> 43 | Z70: =S70+3 -> 46 | AA70: =T70+1 -> 46 | AB70: =U70+5 -> 50 | AL70: 0.6 | AM70: 0.9 | AN70: 0.5 | AO70: 0.5 | AP70: 0.62 | AQ70: =H70 -> 1 | AR70: 1 | AS70: =I70 -> 0.35 | AT70: =AT69+0.3% -> 0.433 | AU70: =J70 -> 1 | AV70: 1 | AW70: =K70 -> 1 | AX70: 1 | AY70: =L70 -> 0.392 | AZ70: =AZ69+3% -> 0.56 | BA70: =M70 -> 0 | BB70: 0 | BC70: =N70 -> 0 | BD70: 0
A71: 69 | B71: 44405 | C71: =TEXT(B71,"[$-fa-IR,16]yyyy/mm/dd") -> 1400/05/06 | D71: 0.5596 | E71: 0.4247152 | F71: =IF($F$2=A71,E71,NA()) -> #N/A | G71: ="تاریخ: "&C71&CHAR(10)&"درصد پیشرفت برنامه ای: "&ROUND(D71*100,2)&"%"&CHAR(10)&"درصد پیشرفت واقعی: "&ROUND(E71*100,2)&"%" -> تاریخ: 1400/05/06 درصد پیشرفت برنامه ای: 55.96% درصد پیشرفت واقعی: 42.47% | H71: 1 | I71: =I70+1% -> 0.36 | J71: 1 | K71: =J54 -> 1 | L71: =K47 -> 0.424 | M71: 0 | N71: 0 | O71: =U70 -> 45 | P71: 46 | Q71: 45 | R71: 46 | S71: 47 | T71: 47 | U71: 46 | V71: =O71+3 -> 48 | W71: =P71+4 -> 50 | X71: =Q71+4 -> 49 | Y71: =R71+1 -> 47 | Z71: =S71+3 -> 50 | AA71: =T71+1 -> 48 | AB71: =U71+5 -> 51 | AL71: 0.66 | AM71: 0.7 | AN71: 0.8 | AO71: 0.55 | AP71: 0.5 | AQ71: =H71 -> 1 | AR71: 1 | AS71: =I71 -> 0.36 | AT71: =AT70+0.3% -> 0.436 | AU71: =J71 -> 1 | AV71: 1 | AW71: =K71 -> 1 | AX71: 1 | AY71: =L71 -> 0.424 | AZ71: =AZ70+3% -> 0.59 | BA71: =M71 -> 0 | BB71: 0 | BC71: =N71 -> 0 | BD71: 0
A72: 70 | B72: 44412 | C72: =TEXT(B72,"[$-fa-IR,16]yyyy/mm/dd") -> 1400/05/13 | D72: 0.5713 | E72: 0.4375969 | F72: =IF($F$2=A72,E72,NA()) -> #N/A | G72: ="تاریخ: "&C72&CHAR(10)&"درصد پیشرفت برنامه ای: "&ROUND(D72*100,2)&"%"&CHAR(10)&"درصد پیشرفت واقعی: "&ROUND(E72*100,2)&"%" -> تاریخ: 1400/05/13 درصد پیشرفت برنامه ای: 57.13% درصد پیشرفت واقعی: 43.76% | H72: 1 | I72: =I71+1% -> 0.37 | J72: 1 | K72: =J55 -> 1 | L72: =K48 -> 0.456 | M72: 0 | N72: 0 | O72: =U71 -> 46 | P72: 47 | Q72: 47 | R72: 46 | S72: 45 | T72: 46 | U72: 47 | V72: =O72+3 -> 49 | W72: =P72+4 -> 51 | X72: =Q72+4 -> 51 | Y72: =R72+1 -> 47 | Z72: =S72+3 -> 48 | AA72: =T72+1 -> 47 | AB72: =U72+5 -> 52 | AL72: 0.55 | AM72: 0.4 | AN72: 0.4 | AO72: 0.9 | AP72: 0.8 | AQ72: =H72 -> 1 | AR72: 1 | AS72: =I72 -> 0.37 | AT72: =AT71+0.3% -> 0.439 | AU72: =J72 -> 1 | AV72: 1 | AW72: =K72 -> 1 | AX72: 1 | AY72: =L72 -> 0.456 | AZ72: =AZ71+3% -> 0.62 | BA72: =M72 -> 0 | BB72: 0 | BC72: =N72 -> 0 | BD72: 0
A73: 71 | B73: 44419 | C73: =TEXT(B73,"[$-fa-IR,16]yyyy/mm/dd") -> 1400/05/20 | D73: 0.583 | E73: 0.4504786 | F73: =IF($F$2=A73,E73,NA()) -> #N/A | G73: ="تاریخ: "&C73&CHAR(10)&"درصد پیشرفت برنامه ای: "&ROUND(D73*100,2)&"%"&CHAR(10)&"درصد پیشرفت واقعی: "&ROUND(E73*100,2)&"%" -> تاریخ: 1400/05/20 درصد پیشرفت برنامه ای: 58.3% درصد پیشرفت واقعی: 45.05% | H73: 1 | I73: =I72+1% -> 0.38 | J73: 1 | K73: =J56 -> 1 | L73: =K49 -> 0.488 | M73: 0 | N73: 0 | O73: =U72 -> 47 | P73: 43 | Q73: 44 | R73: 42 | S73: 43 | T73: 45 | U73: 45 | V73: =O73+3 -> 50 | W73: =P73+4 -> 47 | X73: =Q73+4 -> 48 | Y73: =R73+1 -> 43 | Z73: =S73+3 -> 46 | AA73: =T73+1 -> 46 | AB73: =U73+5 -> 50 | AL73: 0.7 | AM73: 0.55 | AN73: 0.1 | AO73: 0.4 | AP73: 0.9 | AQ73: =H73 -> 1 | AR73: 1 | AS73: =I73 -> 0.38 | AT73: =AT72+0.3% -> 0.442 | AU73: =J73 -> 1 | AV73: 1 | AW73: =K73 -> 1 | AX73: 1 | AY73: =L73 -> 0.488 | AZ73: =AZ72+3% -> 0.65 | BA73: =M73 -> 0 | BB73: 0 | BC73: =N73 -> 0 | BD73: 0
A74: 72 | B74: 44426 | C74: =TEXT(B74,"[$-fa-IR,16]yyyy/mm/dd") -> 1400/05/27 | D74: 0.59 | E74: 0.4581856 | F74: =IF($F$2=A74,E74,NA()) -> #N/A | G74: ="تاریخ: "&C74&CHAR(10)&"درصد پیشرفت برنامه ای: "&ROUND(D74*100,2)&"%"&CHAR(10)&"درصد پیشرفت واقعی: "&ROUND(E74*100,2)&"%" -> تاریخ: 1400/05/27 درصد پیشرفت برنامه ای: 59% درصد پیشرفت واقعی: 45.82% | H74: 1 | I74: =I73+1% -> 0.39 | J74: 1 | K74: =J57 -> 1 | L74: =K50 -> 0.52 | M74: 0 | N74: 0 | O74: =U73 -> 45 | P74: 46 | Q74: 45 | R74: 46 | S74: 47 | T74: 47 | U74: 46 | V74: =O74+3 -> 48 | W74: =P74+4 -> 50 | X74: =Q74+4 -> 49 | Y74: =R74+1 -> 47 | Z74: =S74+3 -> 50 | AA74: =T74+1 -> 48 | AB74: =U74+5 -> 51 | AL74: 0.4 | AM74: 0.69 | AN74: 0.5 | AO74: 0.2 | AP74: 0.4 | AQ74: =H74 -> 1 | AR74: 1 | AS74: =I74 -> 0.39 | AT74: =AT73+0.3% -> 0.445 | AU74: =J74 -> 1 | AV74: 1 | AW74: =K74 -> 1 | AX74: 1 | AY74: =L74 -> 0.52 | AZ74: =AZ73+3% -> 0.68 | BA74: =M74 -> 0 | BB74: 0 | BC74: =N74 -> 0 | BD74: 0
A75: 73 | B75: 44433 | C75: =TEXT(B75,"[$-fa-IR,16]yyyy/mm/dd") -> 1400/06/03 | D75: 0.597 | E75: 0.4658926 | F75: =IF($F$2=A75,E75,NA()) -> #N/A | G75: ="تاریخ: "&C75&CHAR(10)&"درصد پیشرفت برنامه ای: "&ROUND(D75*100,2)&"%"&CHAR(10)&"درصد پیشرفت واقعی: "&ROUND(E75*100,2)&"%" -> تاریخ: 1400/06/03 درصد پیشرفت برنامه ای: 59.7% درصد پیشرفت واقعی: 46.59% | H75: 1 | I75: =I74+1% -> 0.4 | J75: 1 | K75: =J58 -> 1 | L75: =K51 -> 0.552 | M75: 0 | N75: 0 | O75: =U74 -> 46 | P75: 47 | Q75: 47 | R75: 46 | S75: 45 | T75: 46 | U75: 47 | V75: =O75+3 -> 49 | W75: =P75+4 -> 51 | X75: =Q75+4 -> 51 | Y75: =R75+1 -> 47 | Z75: =S75+3 -> 48 | AA75: =T75+1 -> 47 | AB75: =U75+5 -> 52 | AL75: 0.35 | AM75: 0.4 | AN75: 0.9 | AO75: 0.8 | AP75: 0.2 | AQ75: =H75 -> 1 | AR75: 1 | AS75: =I75 -> 0.4 | AT75: =AT74+0.8% -> 0.453 | AU75: =J75 -> 1 | AV75: 1 | AW75: =K75 -> 1 | AX75: 1 | AY75: =L75 -> 0.552 | AZ75: =AZ74+3% -> 0.71 | BA75: =M75 -> 0 | BB75: 0.04 | BC75: =N75 -> 0 | BD75: 0
A76: 74 | B76: 44440 | C76: =TEXT(B76,"[$-fa-IR,16]yyyy/mm/dd") -> 1400/06/10 | D76: 0.604 | E76: 0.4735996 | F76: =IF($F$2=A76,E76,NA()) -> #N/A | G76: ="تاریخ: "&C76&CHAR(10)&"درصد پیشرفت برنامه ای: "&ROUND(D76*100,2)&"%"&CHAR(10)&"درصد پیشرفت واقعی: "&ROUND(E76*100,2)&"%" -> تاریخ: 1400/06/10 درصد پیشرفت برنامه ای: 60.4% درصد پیشرفت واقعی: 47.36% | H76: 1 | I76: =I75+1% -> 0.41 | J76: 1 | K76: =J59 -> 1 | L76: =K52 -> 0.584 | M76: 0 | N76: 0 | O76: =U75 -> 47 | P76: 43 | Q76: 44 | R76: 42 | S76: 43 | T76: 45 | U76: 45 | V76: =O76+3 -> 50 | W76: =P76+4 -> 47 | X76: =Q76+4 -> 48 | Y76: =R76+1 -> 43 | Z76: =S76+3 -> 46 | AA76: =T76+1 -> 46 | AB76: =U76+5 -> 50 | AL76: 0.85 | AM76: 0.8 | AN76: 0.5 | AO76: 0.6 | AP76: 0.6 | AQ76: =H76 -> 1 | AR76: 1 | AS76: =I76 -> 0.41 | AT76: =AT75+0.8% -> 0.461 | AU76: =J76 -> 1 | AV76: 1 | AW76: =K76 -> 1 | AX76: 1 | AY76: =L76 -> 0.584 | AZ76: =AZ75+3% -> 0.74 | BA76: =M76 -> 0 | BB76: 0.06 | BC76: =N76 -> 0 | BD76: 0
A77: 75 | B77: 44447 | C77: =TEXT(B77,"[$-fa-IR,16]yyyy/mm/dd") -> 1400/06/17 | D77: 0.611 | E77: 0.4799066 | F77: =IF($F$2=A77,E77,NA()) -> #N/A | G77: ="تاریخ: "&C77&CHAR(10)&"درصد پیشرفت برنامه ای: "&ROUND(D77*100,2)&"%"&CHAR(10)&"درصد پیشرفت واقعی: "&ROUND(E77*100,2)&"%" -> تاریخ: 1400/06/17 درصد پیشرفت برنامه ای: 61.1% درصد پیشرفت واقعی: 47.99% | H77: 1 | I77: =I76+1% -> 0.42 | J77: 1 | K77: =J60 -> 1 | L77: =K53 -> 0.616 | M77: 0 | N77: 0 | O77: =U76 -> 45 | P77: 46 | Q77: 45 | R77: 46 | S77: 47 | T77: 47 | U77: 46 | V77: =O77+3 -> 48 | W77: =P77+4 -> 50 | X77: =Q77+4 -> 49 | Y77: =R77+1 -> 47 | Z77: =S77+3 -> 50 | AA77: =T77+1 -> 48 | AB77: =U77+5 -> 51 | AL77: 0.9 | AM77: 0.95 | AN77: 0.8 | AO77: 0.7 | AP77: 0.1 | AQ77: =H77 -> 1 | AR77: 1 | AS77: =I77 -> 0.42 | AT77: =AT76+0.8% -> 0.469 | AU77: =J77 -> 1 | AV77: 1 | AW77: =K77 -> 1 | AX77: 1 | AY77: =L77 -> 0.616 | AZ77: =AZ76+3% -> 0.77 | BA77: =M77 -> 0 | BB77: =BB76+3% -> 0.09 | BC77: =N77 -> 0 | BD77: 0
A78: 76 | B78: 44454 | C78: =TEXT(B78,"[$-fa-IR,16]yyyy/mm/dd") -> 1400/06/24 | D78: 0.618 | E78: 0.51035 | F78: =IF($F$2=A78,E78,NA()) -> #N/A | G78: ="تاریخ: "&C78&CHAR(10)&"درصد پیشرفت برنامه ای: "&ROUND(D78*100,2)&"%"&CHAR(10)&"درصد پیشرفت واقعی: "&ROUND(E78*100,2)&"%" -> تاریخ: 1400/06/24 درصد پیشرفت برنامه ای: 61.8% درصد پیشرفت واقعی: 51.04% | H78: 1 | I78: =I77+1% -> 0.43 | J78: 1 | K78: =J61 -> 1 | L78: =K54 -> 0.648 | M78: 0 | N78: 0 | O78: =U77 -> 46 | P78: 43 | Q78: 44 | R78: 42 | S78: 43 | T78: 45 | U78: 45 | V78: =O78+3 -> 49 | W78: =P78+4 -> 47 | X78: =Q78+4 -> 48 | Y78: =R78+1 -> 43 | Z78: =S78+3 -> 46 | AA78: =T78+1 -> 46 | AB78: =U78+5 -> 50 | AL78: 0.7 | AM78: 0.68 | AN78: 0.5 | AO78: 0.9 | AP78: 0.55 | AQ78: =H78 -> 1 | AR78: 1 | AS78: =I78 -> 0.43 | AT78: =AT77+0.8% -> 0.477 | AU78: =J78 -> 1 | AV78: 1 | AW78: =K78 -> 1 | AX78: 1 | AY78: =L78 -> 0.648 | AZ78: =AZ77+3% -> 0.8 | BA78: =M78 -> 0 | BB78: =BB77+3% -> 0.12 | BC78: =N78 -> 0 | BD78: 0
A79: 77 | B79: 44461 | C79: =TEXT(B79,"[$-fa-IR,16]yyyy/mm/dd") -> 1400/06/31 | D79: 0.621 | E79: 0.51035 | F79: =IF($F$2=A79,E79,NA()) -> #N/A | G79: ="تاریخ: "&C79&CHAR(10)&"درصد پیشرفت برنامه ای: "&ROUND(D79*100,2)&"%"&CHAR(10)&"درصد پیشرفت واقعی: "&ROUND(E79*100,2)&"%" -> تاریخ: 1400/06/31 درصد پیشرفت برنامه ای: 62.1% درصد پیشرفت واقعی: 51.04% | H79: 1 | I79: =I78+1% -> 0.44 | J79: 1 | K79: =J62 -> 1 | L79: =K55 -> 0.68 | M79: 0 | N79: 0 | O79: =U78 -> 45 | P79: 40 | Q79: 41 | R79: 40 | S79: 42 | T79: 43 | U79: 42 | V79: =O79+3 -> 48 | W79: =P79+4 -> 44 | X79: =Q79+4 -> 45 | Y79: =R79+1 -> 41 | Z79: =S79+3 -> 45 | AA79: =T79+1 -> 44 | AB79: =U79+5 -> 47 | AL79: 0.6 | AM79: 0.5 | AN79: 0.66 | AO79: 0.5 | AP79: 0.9 | AQ79: =H79 -> 1 | AR79: 1 | AS79: =I79 -> 0.44 | AT79: =AT78+0.8% -> 0.485 | AU79: =J79 -> 1 | AV79: 1 | AW79: =K79 -> 1 | AX79: 1 | AY79: =L79 -> 0.68 | AZ79: =AZ78+3% -> 0.83 | BA79: =M79 -> 0 | BB79: =BB78+3% -> 0.15 | BC79: =N79 -> 0 | BD79: 0
A80: 78 | B80: 44468 | C80: =TEXT(B80,"[$-fa-IR,16]yyyy/mm/dd") -> 1400/07/07 | D80: 0.624 | E80: 0.51035 | F80: =IF($F$2=A80,E80,NA()) -> #N/A | G80: ="تاریخ: "&C80&CHAR(10)&"درصد پیشرفت برنامه ای: "&ROUND(D80*100,2)&"%"&CHAR(10)&"درصد پیشرفت واقعی: "&ROUND(E80*100,2)&"%" -> تاریخ: 1400/07/07 درصد پیشرفت برنامه ای: 62.4% درصد پیشرفت واقعی: 51.04% | H80: 1 | I80: =I79+1% -> 0.45 | J80: 1 | K80: =J63 -> 1 | L80: =K56 -> 0.712 | M80: 0 | N80: 0 | O80: =U79 -> 42 | P80: 36 | Q80: 37 | R80: 36 | S80: 38 | T80: 36 | U80: 36 | V80: =O80+3 -> 45 | W80: =P80+4 -> 40 | X80: =Q80+4 -> 41 | Y80: =R80+1 -> 37 | Z80: =S80+3 -> 41 | AA80: =T80+1 -> 37 | AB80: =U80+5 -> 41 | AL80: 0.55 | AM80: 0.62 | AN80: 0.78 | AO80: 0.42 | AP80: 0.8 | AQ80: =H80 -> 1 | AR80: 1 | AS80: =I80 -> 0.45 | AT80: =AT79+0.8% -> 0.493 | AU80: =J80 -> 1 | AV80: 1 | AW80: =K80 -> 1 | AX80: 1 | AY80: =L80 -> 0.712 | AZ80: =AZ79+3% -> 0.86 | BA80: =M80 -> 0 | BB80: =BB79+3% -> 0.18 | BC80: =N80 -> 0 | BD80: 0
A81: 79 | B81: 44475 | C81: =TEXT(B81,"[$-fa-IR,16]yyyy/mm/dd") -> 1400/07/14 | D81: 0.627 | E81: 0.51035 | F81: =IF($F$2=A81,E81,NA()) -> #N/A | G81: ="تاریخ: "&C81&CHAR(10)&"درصد پیشرفت برنامه ای: "&ROUND(D81*100,2)&"%"&CHAR(10)&"درصد پیشرفت واقعی: "&ROUND(E81*100,2)&"%" -> تاریخ: 1400/07/14 درصد پیشرفت برنامه ای: 62.7% درصد پیشرفت واقعی: 51.04% | H81: 1 | I81: =I80+1% -> 0.46 | J81: 1 | K81: =J64 -> 1 | L81: =K57 -> 0.744 | M81: 0 | N81: 0 | O81: =U80 -> 36 | P81: 22 | Q81: 22 | R81: 23 | S81: 21 | T81: 22 | U81: 24 | V81: =O81+3 -> 39 | W81: =P81+4 -> 26 | X81: =Q81+4 -> 26 | Y81: =R81+1 -> 24 | Z81: =S81+3 -> 24 | AA81: =T81+1 -> 23 | AB81: =U81+5 -> 29 | AL81: 0.6 | AM81: 0.9 | AN81: 0.5 | AO81: 0.5 | AP81: 0.62 | AQ81: =H81 -> 1 | AR81: 1 | AS81: =I81 -> 0.46 | AT81: =AT80+0.8% -> 0.501 | AU81: =J81 -> 1 | AV81: 1 | AW81: =K81 -> 1 | AX81: 1 | AY81: =L81 -> 0.744 | AZ81: =AZ80+3% -> 0.89 | BA81: =M81 -> 0 | BB81: =BB80+3% -> 0.21 | BC81: =N81 -> 0 | BD81: 0
A82: 80 | B82: 44482 | C82: =TEXT(B82,"[$-fa-IR,16]yyyy/mm/dd") -> 1400/07/21 | D82: 0.63 | E82: 0.51035 | F82: =IF($F$2=A82,E82,NA()) -> #N/A | G82: ="تاریخ: "&C82&CHAR(10)&"درصد پیشرفت برنامه ای: "&ROUND(D82*100,2)&"%"&CHAR(10)&"درصد پیشرفت واقعی: "&ROUND(E82*100,2)&"%" -> تاریخ: 1400/07/21 درصد پیشرفت برنامه ای: 63% درصد پیشرفت واقعی: 51.04% | H82: 1 | I82: =I81+1% -> 0.47 | J82: 1 | K82: =J65 -> 1 | L82: =K58 -> 0.776 | M82: =L58 -> 0.03 | N82: 0 | O82: =U81 -> 24 | P82: 23 | Q82: 24 | R82: 23 | S82: 25 | T82: 25 | U82: 26 | V82: =O82+3 -> 27 | W82: =P82+4 -> 27 | X82: =Q82+4 -> 28 | Y82: =R82+1 -> 24 | Z82: =S82+3 -> 28 | AA82: =T82+1 -> 26 | AB82: =U82+5 -> 31 | AL82: 0.66 | AM82: 0.7 | AN82: 0.8 | AO82: 0.55 | AP82: 0.5 | AQ82: =H82 -> 1 | AR82: 1 | AS82: =I82 -> 0.47 | AT82: =AT81+0.8% -> 0.509 | AU82: =J82 -> 1 | AV82: 1 | AW82: =K82 -> 1 | AX82: 1 | AY82: =L82 -> 0.776 | AZ82: =AZ81+3% -> 0.92 | BA82: =M82 -> 0.03 | BB82: =BB81+3% -> 0.24 | BC82: =N82 -> 0 | BD82: 0
A83: 81 | B83: 44489 | C83: =TEXT(B83,"[$-fa-IR,16]yyyy/mm/dd") -> 1400/07/28 | D83: 0.633 | E83: 0.51035 | F83: =IF($F$2=A83,E83,NA()) -> #N/A | G83: ="تاریخ: "&C83&CHAR(10)&"درصد پیشرفت برنامه ای: "&ROUND(D83*100,2)&"%"&CHAR(10)&"درصد پیشرفت واقعی: "&ROUND(E83*100,2)&"%" -> تاریخ: 1400/07/28 درصد پیشرفت برنامه ای: 63.3% درصد پیشرفت واقعی: 51.04% | H83: 1 | I83: =I82+1% -> 0.48 | J83: 1 | K83: =J66 -> 1 | L83: =K59 -> 0.808 | M83: =L59 -> 0.04 | N83: 0 | O83: =U82 -> 26 | P83: 25 | Q83: 25 | R83: 26 | S83: 26 | T83: 25 | U83: 25 | V83: =O83+3 -> 29 | W83: =P83+4 -> 29 | X83: =Q83+4 -> 29 | Y83: =R83+1 -> 27 | Z83: =S83+3 -> 29 | AA83: =T83+1 -> 26 | AB83: =U83+5 -> 30 | AL83: 0.55 | AM83: 0.4 | AN83: 0.4 | AO83: 0.9 | AP83: 0.8 | AQ83: =H83 -> 1 | AR83: 1 | AS83: =I83 -> 0.48 | AT83: =AT82+0.8% -> 0.517 | AU83: =J83 -> 1 | AV83: 1 | AW83: =K83 -> 1 | AX83: 1 | AY83: =L83 -> 0.808 | AZ83: =AZ82+3% -> 0.95 | BA83: =M83 -> 0.04 | BB83: =BB82+3% -> 0.27 | BC83: =N83 -> 0 | BD83: 0
A84: 82 | B84: 44496 | C84: =TEXT(B84,"[$-fa-IR,16]yyyy/mm/dd") -> 1400/08/05 | D84: 0.636 | E84: 0.51035 | F84: =IF($F$2=A84,E84,NA()) -> #N/A | G84: ="تاریخ: "&C84&CHAR(10)&"درصد پیشرفت برنامه ای: "&ROUND(D84*100,2)&"%"&CHAR(10)&"درصد پیشرفت واقعی: "&ROUND(E84*100,2)&"%" -> تاریخ: 1400/08/05 درصد پیشرفت برنامه ای: 63.6% درصد پیشرفت واقعی: 51.04% | H84: 1 | I84: =I83+1% -> 0.49 | J84: 1 | K84: =J67 -> 1 | L84: =K60 -> 0.84 | M84: =L60 -> 0.072 | N84: 0 | O84: =U83 -> 25 | P84: 15 | Q84: 15 | R84: 18 | S84: 17 | T84: 18 | U84: 19 | V84: =O84+3 -> 28 | W84: =P84+4 -> 19 | X84: =Q84+4 -> 19 | Y84: =R84+1 -> 19 | Z84: =S84+3 -> 20 | AA84: =T84+1 -> 19 | AB84: =U84+5 -> 24 | AL84: 0.7 | AM84: 0.55 | AN84: 0.1 | AO84: 0.4 | AP84: 0.9 | AQ84: =H84 -> 1 | AR84: 1 | AS84: =I84 -> 0.49 | AT84: =AT83+0.8% -> 0.525 | AU84: =J84 -> 1 | AV84: 1 | AW84: =K84 -> 1 | AX84: 1 | AY84: =L84 -> 0.84 | AZ84: =AZ83+3% -> 0.98 | BA84: =M84 -> 0.072 | BB84: =BB83+3% -> 0.3 | BC84: =N84 -> 0 | BD84: 0
A85: 83 | B85: 44503 | C85: =TEXT(B85,"[$-fa-IR,16]yyyy/mm/dd") -> 1400/08/12 | D85: 0.639 | E85: 0.51035 | F85: =IF($F$2=A85,E85,NA()) -> #N/A | G85: ="تاریخ: "&C85&CHAR(10)&"درصد پیشرفت برنامه ای: "&ROUND(D85*100,2)&"%"&CHAR(10)&"درصد پیشرفت واقعی: "&ROUND(E85*100,2)&"%" -> تاریخ: 1400/08/12 درصد پیشرفت برنامه ای: 63.9% درصد پیشرفت واقعی: 51.04% | H85: 1 | I85: =I84+1% -> 0.5 | J85: 1 | K85: =J68 -> 1 | L85: =K61 -> 0.872 | M85: =L61 -> 0.104 | N85: 0 | O85: =U84 -> 19 | P85: 19 | Q85: 17 | R85: 17 | S85: 19 | T85: 20 | U85: 21 | V85: =O85+3 -> 22 | W85: =P85+4 -> 23 | X85: =Q85+4 -> 21 | Y85: =R85+1 -> 18 | Z85: =S85+3 -> 22 | AA85: =T85+1 -> 21 | AB85: =U85+5 -> 26 | AL85: 0.4 | AM85: 0.69 | AN85: 0.5 | AO85: 0.2 | AP85: 0.4 | AQ85: =H85 -> 1 | AR85: 1 | AS85: =I85 -> 0.5 | AT85: =AT84+0.8% -> 0.533 | AU85: =J85 -> 1 | AV85: 1 | AW85: =K85 -> 1 | AX85: 1 | AY85: =L85 -> 0.872 | AZ85: 1 | BA85: =M85 -> 0.104 | BB85: =BB84+3% -> 0.33 | BC85: =N85 -> 0 | BD85: 0
A86: 84 | B86: 44510 | C86: =TEXT(B86,"[$-fa-IR,16]yyyy/mm/dd") -> 1400/08/19 | D86: 0.642 | E86: 0.51035 | F86: =IF($F$2=A86,E86,NA()) -> #N/A | G86: ="تاریخ: "&C86&CHAR(10)&"درصد پیشرفت برنامه ای: "&ROUND(D86*100,2)&"%"&CHAR(10)&"درصد پیشرفت واقعی: "&ROUND(E86*100,2)&"%" -> تاریخ: 1400/08/19 درصد پیشرفت برنامه ای: 64.2% درصد پیشرفت واقعی: 51.04% | H86: 1 | I86: =I85+1% -> 0.51 | J86: 1 | K86: =J69 -> 1 | L86: =K62 -> 0.904 | M86: =L62 -> 0.136 | N86: 0 | O86: =U85 -> 21 | P86: 22 | Q86: 22 | R86: 23 | S86: 21 | T86: 22 | U86: 24 | V86: =O86+3 -> 24 | W86: =P86+4 -> 26 | X86: =Q86+4 -> 26 | Y86: =R86+1 -> 24 | Z86: =S86+3 -> 24 | AA86: =T86+1 -> 23 | AB86: =U86+5 -> 29 | AL86: 0.35 | AM86: 0.4 | AN86: 0.9 | AO86: 0.8 | AP86: 0.2 | AQ86: =H86 -> 1 | AR86: 1 | AS86: =I86 -> 0.51 | AT86: =AT85+0.3% -> 0.536 | AU86: =J86 -> 1 | AV86: 1 | AW86: =K86 -> 1 | AX86: 1 | AY86: =L86 -> 0.904 | AZ86: 1 | BA86: =M86 -> 0.136 | BB86: =BB85+3% -> 0.36 | BC86: =N86 -> 0 | BD86: 0
A87: 85 | B87: 44517 | C87: =TEXT(B87,"[$-fa-IR,16]yyyy/mm/dd") -> 1400/08/26 | D87: 0.645 | E87: 0.51035 | F87: =IF($F$2=A87,E87,NA()) -> #N/A | G87: ="تاریخ: "&C87&CHAR(10)&"درصد پیشرفت برنامه ای: "&ROUND(D87*100,2)&"%"&CHAR(10)&"درصد پیشرفت واقعی: "&ROUND(E87*100,2)&"%" -> تاریخ: 1400/08/26 درصد پیشرفت برنامه ای: 64.5% درصد پیشرفت واقعی: 51.04% | H87: 1 | I87: =I86+1% -> 0.52 | J87: 1 | K87: =J70 -> 1 | L87: =K63 -> 0.936 | M87: =L63 -> 0.168 | N87: 0 | O87: =U86 -> 24 | P87: 15 | Q87: 15 | R87: 18 | S87: 17 | T87: 18 | U87: 19 | V87: =O87+3 -> 27 | W87: =P87+4 -> 19 | X87: =Q87+4 -> 19 | Y87: =R87+1 -> 19 | Z87: =S87+3 -> 20 | AA87: =T87+1 -> 19 | AB87: =U87+5 -> 24 | AL87: 0.85 | AM87: 0.8 | AN87: 0.5 | AO87: 0.6 | AP87: 0.6 | AQ87: =H87 -> 1 | AR87: 1 | AS87: =I87 -> 0.52 | AT87: =AT86+0.9% -> 0.545 | AU87: =J87 -> 1 | AV87: 1 | AW87: =K87 -> 1 | AX87: 1 | AY87: =L87 -> 0.936 | AZ87: 1 | BA87: =M87 -> 0.168 | BB87: =BB86+3% -> 0.39 | BC87: =N87 -> 0 | BD87: 0
A88: 86 | B88: 44524 | C88: =TEXT(B88,"[$-fa-IR,16]yyyy/mm/dd") -> 1400/09/03 | D88: 0.648 | E88: 0.51035 | F88: =IF($F$2=A88,E88,NA()) -> #N/A | G88: ="تاریخ: "&C88&CHAR(10)&"درصد پیشرفت برنامه ای: "&ROUND(D88*100,2)&"%"&CHAR(10)&"درصد پیشرفت واقعی: "&ROUND(E88*100,2)&"%" -> تاریخ: 1400/09/03 درصد پیشرفت برنامه ای: 64.8% درصد پیشرفت واقعی: 51.04% | H88: 1 | I88: =I87+1% -> 0.53 | J88: 1 | K88: =J71 -> 1 | L88: =K64 -> 0.968 | M88: =L64 -> 0.2 | N88: 0 | O88: =U87 -> 19 | P88: 19 | Q88: 17 | R88: 17 | S88: 19 | T88: 20 | U88: 21 | V88: =O88+3 -> 22 | W88: =P88+4 -> 23 | X88: =Q88+4 -> 21 | Y88: =R88+1 -> 18 | Z88: =S88+3 -> 22 | AA88: =T88+1 -> 21 | AB88: =U88+5 -> 26 | AL88: 0.9 | AM88: 0.95 | AN88: 0.8 | AO88: 0.7 | AP88: 0.1 | AQ88: =H88 -> 1 | AR88: 1 | AS88: =I88 -> 0.53 | AT88: =AT87+0.9% -> 0.554 | AU88: =J88 -> 1 | AV88: 1 | AW88: =K88 -> 1 | AX88: 1 | AY88: =L88 -> 0.968 | AZ88: 1 | BA88: =M88 -> 0.2 | BB88: =BB87+3% -> 0.42 | BC88: =N88 -> 0 | BD88: 0
A89: 87 | B89: 44531 | C89: =TEXT(B89,"[$-fa-IR,16]yyyy/mm/dd") -> 1400/09/10 | D89: 0.655 | E89: 0.51035 | F89: =IF($F$2=A89,E89,NA()) -> #N/A | G89: ="تاریخ: "&C89&CHAR(10)&"درصد پیشرفت برنامه ای: "&ROUND(D89*100,2)&"%"&CHAR(10)&"درصد پیشرفت واقعی: "&ROUND(E89*100,2)&"%" -> تاریخ: 1400/09/10 درصد پیشرفت برنامه ای: 65.5% درصد پیشرفت واقعی: 51.04% | H89: 1 | I89: =I88+1% -> 0.54 | J89: 1 | K89: =J72 -> 1 | L89: =K65 -> 1 | M89: =L65 -> 0.232 | N89: 0 | O89: =U88 -> 21 | P89: 15 | Q89: 15 | R89: 18 | S89: 17 | T89: 18 | U89: 19 | V89: =O89+3 -> 24 | W89: =P89+4 -> 19 | X89: =Q89+4 -> 19 | Y89: =R89+1 -> 19 | Z89: =S89+3 -> 20 | AA89: =T89+1 -> 19 | AB89: =U89+5 -> 24 | AL89: 0.7 | AM89: 0.68 | AN89: 0.5 | AO89: 0.9 | AP89: 0.55 | AQ89: =H89 -> 1 | AR89: 1 | AS89: =I89 -> 0.54 | AT89: =AT88+0.9% -> 0.563 | AU89: =J89 -> 1 | AV89: 1 | AW89: =K89 -> 1 | AX89: 1 | AY89: =L89 -> 1 | AZ89: 1 | BA89: =M89 -> 0.232 | BB89: =BB88+3% -> 0.45 | BC89: =N89 -> 0 | BD89: 0
A90: 88 | B90: 44538 | C90: =TEXT(B90,"[$-fa-IR,16]yyyy/mm/dd") -> 1400/09/17 | D90: 0.662 | E90: 0.516027 | F90: =IF($F$2=A90,E90,NA()) -> #N/A | G90: ="تاریخ: "&C90&CHAR(10)&"درصد پیشرفت برنامه ای: "&ROUND(D90*100,2)&"%"&CHAR(10)&"درصد پیشرفت واقعی: "&ROUND(E90*100,2)&"%" -> تاریخ: 1400/09/17 درصد پیشرفت برنامه ای: 66.2% درصد پیشرفت واقعی: 51.6% | H90: 1 | I90: =I89+1% -> 0.55 | J90: 1 | K90: =J73 -> 1 | L90: =K66 -> 1 | M90: =L66 -> 0.264 | N90: 0 | O90: =U89 -> 19 | P90: 19 | Q90: 17 | R90: 17 | S90: 19 | T90: 20 | U90: 21 | V90: =O90+3 -> 22 | W90: =P90+4 -> 23 | X90: =Q90+4 -> 21 | Y90: =R90+1 -> 18 | Z90: =S90+3 -> 22 | AA90: =T90+1 -> 21 | AB90: =U90+5 -> 26 | AL90: 0.6 | AM90: 0.5 | AN90: 0.66 | AO90: 0.5 | AP90: 0.9 | AQ90: =H90 -> 1 | AR90: 1 | AS90: =I90 -> 0.55 | AT90: =AT89+0.9% -> 0.572 | AU90: =J90 -> 1 | AV90: 1 | AW90: =K90 -> 1 | AX90: 1 | AY90: =L90 -> 1 | AZ90: 1 | BA90: =M90 -> 0.264 | BB90: =BB89+3% -> 0.48 | BC90: =N90 -> 0 | BD90: 0
A91: 89 | B91: 44545 | C91: =TEXT(B91,"[$-fa-IR,16]yyyy/mm/dd") -> 1400/09/24 | D91: 0.669 | E91: 0.521704 | F91: =IF($F$2=A91,E91,NA()) -> #N/A | G91: ="تاریخ: "&C91&CHAR(10)&"درصد پیشرفت برنامه ای: "&ROUND(D91*100,2)&"%"&CHAR(10)&"درصد پیشرفت واقعی: "&ROUND(E91*100,2)&"%" -> تاریخ: 1400/09/24 درصد پیشرفت برنامه ای: 66.9% درصد پیشرفت واقعی: 52.17% | H91: 1 | I91: =I90+1% -> 0.56 | J91: 1 | K91: =J74 -> 1 | L91: =K67 -> 1 | M91: =L67 -> 0.296 | N91: 0 | O91: =U90 -> 21 | P91: 15 | Q91: 15 | R91: 18 | S91: 14 | T91: 15 | U91: 13 | V91: =O91+3 -> 24 | W91: =P91+4 -> 19 | X91: =Q91+4 -> 19 | Y91: =R91+1 -> 19 | Z91: =S91+3 -> 17 | AA91: =T91+1 -> 16 | AB91: =U91+5 -> 18 | AL91: 0.55 | AM91: 0.62 | AN91: 0.78 | AO91: 0.42 | AP91: 0.8 | AQ91: =H91 -> 1 | AR91: 1 | AS91: =I91 -> 0.56 | AT91: =AT90+0.9% -> 0.581 | AU91: =J91 -> 1 | AV91: 1 | AW91: =K91 -> 1 | AX91: 1 | AY91: =L91 -> 1 | AZ91: 1 | BA91: =M91 -> 0.296 | BB91: =BB90+3% -> 0.51 | BC91: =N91 -> 0 | BD91: 0
A92: 90 | B92: 44552 | C92: =TEXT(B92,"[$-fa-IR,16]yyyy/mm/dd") -> 1400/10/01 | D92: 0.676 | E92: 0.526331 | F92: =IF($F$2=A92,E92,NA()) -> #N/A | G92: ="تاریخ: "&C92&CHAR(10)&"درصد پیشرفت برنامه ای: "&ROUND(D92*100,2)&"%"&CHAR(10)&"درصد پیشرفت واقعی: "&ROUND(E92*100,2)&"%" -> تاریخ: 1400/10/01 درصد پیشرفت برنامه ای: 67.6% درصد پیشرفت واقعی: 52.63% | H92: 1 | I92: =I91+1% -> 0.57 | J92: 1 | K92: =J75 -> 1 | L92: =K68 -> 1 | M92: =L68 -> 0.328 | N92: 0 | O92: =U91 -> 13 | P92: 12 | Q92: 13 | R92: 14 | S92: 12 | T92: 12 | U92: 11 | V92: =O92+3 -> 16 | W92: =P92+4 -> 16 | X92: =Q92+4 -> 17 | Y92: =R92+1 -> 15 | Z92: =S92+3 -> 15 | AA92: =T92+1 -> 13 | AB92: =U92+5 -> 16 | AL92: 0.6 | AM92: 0.9 | AN92: 0.5 | AO92: 0.5 | AP92: 0.62 | AQ92: =H92 -> 1 | AR92: 1 | AS92: =I92 -> 0.57 | AT92: =AT91+0.9% -> 0.59 | AU92: =J92 -> 1 | AV92: 1 | AW92: =K92 -> 1 | AX92: 1 | AY92: =L92 -> 1 | AZ92: 1 | BA92: =M92 -> 0.328 | BB92: =BB91+3% -> 0.54 | BC92: =N92 -> 0 | BD92: 0
A93: 91 | B93: 44559 | C93: =TEXT(B93,"[$-fa-IR,16]yyyy/mm/dd") -> 1400/10/08 | D93: 0.683 | E93: 0.530958 | F93: =IF($F$2=A93,E93,NA()) -> #N/A | G93: ="تاریخ: "&C93&CHAR(10)&"درصد پیشرفت برنامه ای: "&ROUND(D93*100,2)&"%"&CHAR(10)&"درصد پیشرفت واقعی: "&ROUND(E93*100,2)&"%" -> تاریخ: 1400/10/08 درصد پیشرفت برنامه ای: 68.3% درصد پیشرفت واقعی: 53.1% | H93: 1 | I93: =I92+1% -> 0.58 | J93: 1 | K93: =J76 -> 1 | L93: =K69 -> 1 | M93: =L69 -> 0.36 | N93: 0 | O93: =U92 -> 11 | P93: 10 | Q93: 10 | R93: 12 | S93: 11 | T93: 10 | U93: 9 | V93: =O93+3 -> 14 | W93: =P93+4 -> 14 | X93: =Q93+4 -> 14 | Y93: =R93+1 -> 13 | Z93: =S93+3 -> 14 | AA93: =T93+1 -> 11 | AB93: =U93+5 -> 14 | AL93: 0.66 | AM93: 0.7 | AN93: 0.8 | AO93: 0.55 | AP93: 0.5 | AQ93: =H93 -> 1 | AR93: 1 | AS93: =I93 -> 0.58 | AT93: =AT92+0.9% -> 0.599 | AU93: =J93 -> 1 | AV93: 1 | AW93: =K93 -> 1 | AX93: 1 | AY93: =L93 -> 1 | AZ93: 1 | BA93: =M93 -> 0.36 | BB93: =BB92+3% -> 0.57 | BC93: =N93 -> 0 | BD93: 0
A94: 92 | B94: 44566 | C94: =TEXT(B94,"[$-fa-IR,16]yyyy/mm/dd") -> 1400/10/15 | D94: 0.69 | E94: 0.535585 | F94: =IF($F$2=A94,E94,NA()) -> #N/A | G94: ="تاریخ: "&C94&CHAR(10)&"درصد پیشرفت برنامه ای: "&ROUND(D94*100,2)&"%"&CHAR(10)&"درصد پیشرفت واقعی: "&ROUND(E94*100,2)&"%" -> تاریخ: 1400/10/15 درصد پیشرفت برنامه ای: 69% درصد پیشرفت واقعی: 53.56% | H94: 1 | I94: =I93+1% -> 0.59 | J94: 1 | K94: =J77 -> 1 | L94: =K70 -> 1 | M94: =L70 -> 0.392 | N94: 0 | O94: =U93 -> 9 | P94: 9 | Q94: 9 | R94: 8 | S94: 10 | T94: 11 | U94: 10 | V94: =O94+3 -> 12 | W94: =P94+4 -> 13 | X94: =Q94+4 -> 13 | Y94: =R94+1 -> 9 | Z94: =S94+3 -> 13 | AA94: =T94+1 -> 12 | AB94: =U94+5 -> 15 | AL94: 0.55 | AM94: 0.4 | AN94: 0.4 | AO94: 0.9 | AP94: 0.8 | AQ94: =H94 -> 1 | AR94: 1 | AS94: =I94 -> 0.59 | AT94: =AT93+0.9% -> 0.608 | AU94: =J94 -> 1 | AV94: 1 | AW94: =K94 -> 1 | AX94: 1 | AY94: =L94 -> 1 | AZ94: 1 | BA94: =M94 -> 0.392 | BB94: =BB93+3% -> 0.6 | BC94: =N94 -> 0 | BD94: 0.04
A95: 93 | B95: 44573 | C95: =TEXT(B95,"[$-fa-IR,16]yyyy/mm/dd") -> 1400/10/22 | D95: 0.697 | E95: 0.540212 | F95: =IF($F$2=A95,E95,NA()) -> #N/A | G95: ="تاریخ: "&C95&CHAR(10)&"درصد پیشرفت برنامه ای: "&ROUND(D95*100,2)&"%"&CHAR(10)&"درصد پیشرفت واقعی: "&ROUND(E95*100,2)&"%" -> تاریخ: 1400/10/22 درصد پیشرفت برنامه ای: 69.7% درصد پیشرفت واقعی: 54.02% | H95: 1 | I95: =I94+1% -> 0.6 | J95: 1 | K95: =J78 -> 1 | L95: =K71 -> 1 | M95: =L71 -> 0.424 | N95: 0 | O95: =U94 -> 10 | P95: 10 | Q95: 9 | R95: 8 | S95: 7 | T95: 5 | U95: 4 | V95: =O95+3 -> 13 | W95: =P95+4 -> 14 | X95: =Q95+4 -> 13 | Y95: =R95+1 -> 9 | Z95: =S95+3 -> 10 | AA95: =T95+1 -> 6 | AB95: =U95+5 -> 9 | AL95: 0.7 | AM95: 0.55 | AN95: 0.1 | AO95: 0.4 | AP95: 0.9 | AQ95: =H95 -> 1 | AR95: 1 | AS95: =I95 -> 0.6 | AT95: =AT94+0.9% -> 0.617 | AU95: =J95 -> 1 | AV95: 1 | AW95: =K95 -> 1 | AX95: 1 | AY95: =L95 -> 1 | AZ95: 1 | BA95: =M95 -> 0.424 | BB95: =BB94+3% -> 0.63 | BC95: =N95 -> 0 | BD95: 0.06
A96: 94 | B96: 44580 | C96: =TEXT(B96,"[$-fa-IR,16]yyyy/mm/dd") -> 1400/10/29 | D96: 0.704 | E96: 0.544839 | F96: =IF($F$2=A96,E96,NA()) -> #N/A | G96: ="تاریخ: "&C96&CHAR(10)&"درصد پیشرفت برنامه ای: "&ROUND(D96*100,2)&"%"&CHAR(10)&"درصد پیشرفت واقعی: "&ROUND(E96*100,2)&"%" -> تاریخ: 1400/10/29 درصد پیشرفت برنامه ای: 70.4% درصد پیشرفت واقعی: 54.48% | H96: 1 | I96: =I95+1% -> 0.61 | J96: 1 | K96: =J79 -> 1 | L96: =K72 -> 1 | M96: =L72 -> 0.456 | N96: 0 | O96: =U95 -> 4 | P96: 4 | Q96: 5 | R96: 5 | S96: 6 | T96: 5 | U96: 6 | V96: =O96+3 -> 7 | W96: =P96+4 -> 8 | X96: =Q96+4 -> 9 | Y96: =R96+1 -> 6 | Z96: =S96+3 -> 9 | AA96: =T96+1 -> 6 | AB96: =U96+5 -> 11 | AL96: 0.4 | AM96: 0.69 | AN96: 0.5 | AO96: 0.2 | AP96: 0.4 | AQ96: =H96 -> 1 | AR96: 1 | AS96: =I96 -> 0.61 | AT96: =AT95+0.9% -> 0.626 | AU96: =J96 -> 1 | AV96: 1 | AW96: =K96 -> 1 | AX96: 1 | AY96: =L96 -> 1 | AZ96: 1 | BA96: =M96 -> 0.456 | BB96: =BB95+3% -> 0.66 | BC96: =N96 -> 0 | BD96: 0.09
A97: 95 | B97: 44587 | C97: =TEXT(B97,"[$-fa-IR,16]yyyy/mm/dd") -> 1400/11/06 | D97: 0.711 | E97: 0.549466 | F97: =IF($F$2=A97,E97,NA()) -> #N/A | G97: ="تاریخ: "&C97&CHAR(10)&"درصد پیشرفت برنامه ای: "&ROUND(D97*100,2)&"%"&CHAR(10)&"درصد پیشرفت واقعی: "&ROUND(E97*100,2)&"%" -> تاریخ: 1400/11/06 درصد پیشرفت برنامه ای: 71.1% درصد پیشرفت واقعی: 54.95% | H97: 1 | I97: 0.61 | J97: 1 | K97: =J80 -> 1 | L97: =K73 -> 1 | M97: =L73 -> 0.488 | N97: 0 | O97: =U96 -> 6 | P97: 6 | Q97: 5 | R97: 4 | S97: 6 | T97: 5 | U97: 4 | V97: =O97+3 -> 9 | W97: =P97+4 -> 10 | X97: =Q97+4 -> 9 | Y97: =R97+1 -> 5 | Z97: =S97+3 -> 9 | AA97: =T97+1 -> 6 | AB97: =U97+5 -> 9 | AL97: 0.35 | AM97: 0.4 | AN97: 0.9 | AO97: 0.8 | AP97: 0.2 | AQ97: =H97 -> 1 | AR97: 1 | AS97: =I97 -> 0.61 | AT97: =AT96+0.9% -> 0.635 | AU97: =J97 -> 1 | AV97: 1 | AW97: =K97 -> 1 | AX97: 1 | AY97: =L97 -> 1 | AZ97: 1 | BA97: =M97 -> 0.488 | BB97: =BB96+3% -> 0.69 | BC97: =N97 -> 0 | BD97: 0.12
A98: 96 | B98: 44594 | C98: =TEXT(B98,"[$-fa-IR,16]yyyy/mm/dd") -> 1400/11/13 | D98: 0.715 | E98: 0.55211 | F98: =IF($F$2=A98,E98,NA()) -> #N/A | G98: ="تاریخ: "&C98&CHAR(10)&"درصد پیشرفت برنامه ای: "&ROUND(D98*100,2)&"%"&CHAR(10)&"درصد پیشرفت واقعی: "&ROUND(E98*100,2)&"%" -> تاریخ: 1400/11/13 درصد پیشرفت برنامه ای: 71.5% درصد پیشرفت واقعی: 55.21% | H98: 1 | I98: 0.61 | J98: 1 | K98: =J81 -> 1 | L98: =K74 -> 1 | M98: =L74 -> 0.52 | N98: 0 | O98: =U97 -> 4 | P98: 4 | Q98: 5 | R98: 5 | S98: 6 | T98: 5 | U98: 6 | V98: =O98+3 -> 7 | W98: =P98+4 -> 8 | X98: =Q98+4 -> 9 | Y98: =R98+1 -> 6 | Z98: =S98+3 -> 9 | AA98: =T98+1 -> 6 | AB98: =U98+5 -> 11 | AL98: 0.85 | AM98: 0.8 | AN98: 0.5 | AO98: 0.6 | AP98: 0.6 | AQ98: =H98 -> 1 | AR98: 1 | AS98: =I98 -> 0.61 | AT98: =AT97+0.9% -> 0.644 | AU98: =J98 -> 1 | AV98: 1 | AW98: =K98 -> 1 | AX98: 1 | AY98: =L98 -> 1 | AZ98: 1 | BA98: =M98 -> 0.52 | BB98: =BB97+3% -> 0.72 | BC98: =N98 -> 0 | BD98: 0.15
A99: 97 | B99: 44601 | C99: =TEXT(B99,"[$-fa-IR,16]yyyy/mm/dd") -> 1400/11/20 | D99: 0.719 | E99: 0.554754 | F99: =IF($F$2=A99,E99,NA()) -> #N/A | G99: ="تاریخ: "&C99&CHAR(10)&"درصد پیشرفت برنامه ای: "&ROUND(D99*100,2)&"%"&CHAR(10)&"درصد پیشرفت واقعی: "&ROUND(E99*100,2)&"%" -> تاریخ: 1400/11/20 درصد پیشرفت برنامه ای: 71.9% درصد پیشرفت واقعی: 55.48% | H99: 1 | I99: 0.61 | J99: 1 | K99: =J82 -> 1 | L99: =K75 -> 1 | M99: =L75 -> 0.552 | N99: 0 | O99: =U98 -> 6 | P99: 6 | Q99: 5 | R99: 4 | S99: 6 | T99: 5 | U99: 4 | V99: =O99+3 -> 9 | W99: =P99+4 -> 10 | X99: =Q99+4 -> 9 | Y99: =R99+1 -> 5 | Z99: =S99+3 -> 9 | AA99: =T99+1 -> 6 | AB99: =U99+5 -> 9 | AL99: 0.9 | AM99: 0.95 | AN99: 0.8 | AO99: 0.7 | AP99: 0.1 | AQ99: =H99 -> 1 | AR99: 1 | AS99: =I99 -> 0.61 | AT99: =AT98+0.9% -> 0.653 | AU99: =J99 -> 1 | AV99: 1 | AW99: =K99 -> 1 | AX99: 1 | AY99: =L99 -> 1 | AZ99: 1 | BA99: =M99 -> 0.552 | BB99: =BB98+3% -> 0.75 | BC99: =N99 -> 0 | BD99: 0.18
A100: 98 | B100: 44608 | C100: =TEXT(B100,"[$-fa-IR,16]yyyy/mm/dd") -> 1400/11/27 | D100: 0.723 | E100: 0.557398 | F100: =IF($F$2=A100,E100,NA()) -> #N/A | G100: ="تاریخ: "&C100&CHAR(10)&"درصد پیشرفت برنامه ای: "&ROUND(D100*100,2)&"%"&CHAR(10)&"درصد پیشرفت واقعی: "&ROUND(E100*100,2)&"%" -> تاریخ: 1400/11/27 درصد پیشرفت برنامه ای: 72.3% درصد پیشرفت واقعی: 55.74% | H100: 1 | I100: 0.61 | J100: 1 | K100: =J83 -> 1 | L100: =K76 -> 1 | M100: =L76 -> 0.584 | N100: 0 | O100: =U99 -> 4 | P100: 4 | Q100: 5 | R100: 5 | S100: 6 | T100: 5 | U100: 6 | V100: =O100+3 -> 7 | W100: =P100+4 -> 8 | X100: =Q100+4 -> 9 | Y100: =R100+1 -> 6 | Z100: =S100+3 -> 9 | AA100: =T100+1 -> 6 | AB100: =U100+5 -> 11 | AL100: 0.7 | AM100: 0.68 | AN100: 0.5 | AO100: 0.9 | AP100: 0.55 | AQ100: =H100 -> 1 | AR100: 1 | AS100: =I100 -> 0.61 | AT100: =AT99+0.9% -> 0.662 | AU100: =J100 -> 1 | AV100: 1 | AW100: =K100 -> 1 | AX100: 1 | AY100: =L100 -> 1 | AZ100: 1 | BA100: =M100 -> 0.584 | BB100: =BB99+3% -> 0.78 | BC100: =N100 -> 0 | BD100: 0.21
...

Sheet Dashboard
A1: 131 | B1: =INDEX(Data!A3:G262,MATCH(Dashboard!A1,Data!A3:A262,0),3) -> 1401/07/13
Q4: شماره | R4: =IFERROR(INDEX(Data!AH:AH,MATCH(Data!F2,Data!AF:AF,1),1),"----") -> 32 | S4: ="شماره: "&R4 -> شماره: 32
Q5: ارسالی | R5: =IFERROR(INDEX(Data!AI:AI,MATCH(Dashboard!$R$4,Data!$AH:$AH,0),1),"----") -> 1003991000000
Q6: تاییدی | R6: =IFERROR(INDEX(Data!AJ:AJ,MATCH(Dashboard!$R$4,Data!$AH:$AH,0),1),"----") -> 1000477000000
Q7: اختلاف | R7: =IFERROR(R5-R6,"----") -> 3514000000
Q21: 180 | R21: {=INDEX(Data!AL:AP,MATCH(Data!F2,Data!A:A,0),)} -> 0.7 | S21: 0.68 | T21: 0.5 | U21: 0.9 | V21: 0.55
Q22: 180
R24: =R21*1.8*100 -> 126 | S24: =S21*1.8*100 -> 122.4 | T24: =T21*1.8*100 -> 90 | U24: =U21*1.8*100 -> 162 | V24: =V21*1.8*100 -> 99
R25: 5 | S25: 5 | T25: 5 | U25: 5 | V25: 5
A26: =INDEX(Data!$H:$M,MATCH($A$1,Data!$A:$A,0),1) -> 1 | B26: =A26*2.7*100 -> 270 | C26: =INDEX(Data!$H:$M,MATCH($A$1,Data!$A:$A,0),2) -> 0.72 | D26: =C26*2.7*100 -> 194.4 | E26: =INDEX(Data!$H:$M,MATCH($A$1,Data!$A:$A,0),3) -> 1 | F26: =E26*2.7*100 -> 270 | G26: =INDEX(Data!$H:$M,MATCH($A$1,Data!$A:$A,0),4) -> 1 | H26: =G26*2.7*100 -> 270 | I26: =INDEX(Data!$H:$M,MATCH($A$1,Data!$A:$A,0),5) -> 1 | J26: =I26*2.7*100 -> 270 | K26: =INDEX(Data!$H:$M,MATCH($A$1,Data!$A:$A,0),6) -> 1 | L26: =K26*2.7*100 -> 270 | M26: =INDEX(Data!$H:$N,MATCH($A$1,Data!$A:$A,0),7) -> 1 | N26: =M26*2.7*100 -> 270 | R26: =360-R24-R25 -> 229 | S26: =360-S24-S25 -> 232.6 | T26: =360-T24-T25 -> 265 | U26: =360-U24-U25 -> 193 | V26: =360-V24-V25 -> 256
B27: 5 | D27: 5 | F27: 5 | H27: 5 | J27: 5 | L27: 5 | N27: 5
B28: =270-(B26+B27) -> -5 | D28: =270-(D26+D27) -> 70.6 | F28: =270-(F26+F27) -> -5 | H28: =270-(H26+H27) -> -5 | J28: =270-(J26+J27) -> -5 | L28: =270-(L26+L27) -> -5 | N28: =270-(N26+N27) -> -5
B29: 90 | D29: 90 | F29: 90 | H29: 90 | J29: 90 | L29: 90 | N29: 90
R31: واقعی | T31: برنامه ای
Q32: درصد پیشرفت مهندسی | R32: =INDEX(Data!$AQ:$BD,MATCH(Data!$F$2,Data!$A:$A,0),2)*100 -> 100 | T32: =INDEX(Data!$AQ:$BD,MATCH(Data!$F$2,Data!$A:$A,0),1)*100 -> 100 | Y32: پیمانکار 1 | Z32: پیمانکار 2 | AA32: پیمانکار 3 | AB32: پیمانکار 4
X33: بالا | Y33: =IF(Y36<=Y35,NA(),Y36) -> #N/A | Z33: =IF(Z36<=Z35,NA(),Z36) -> 0.77 | AA33: =IF(AA36<=AA35,NA(),AA36) -> #N/A | AB33: =IF(AB36<=AB35,NA(),AB36) -> #N/A
Q34: درصد پیشرفت خرید | R34: =INDEX(Data!$AQ:$BD,MATCH(Data!$F$2,Data!$A:$A,0),4)*100 -> 82.2 | T34: =INDEX(Data!$AQ:$BD,MATCH(Data!$F$2,Data!$A:$A,0),3)*100 -> 72 | X34: پایین | Y34: =IF(Y36<=Y35,Y36,NA()) -> 0.2 | Z34: =IF(Z36<=Z35,Z36,NA()) -> #N/A | AA34: =IF(AA36<=AA35,AA36,NA()) -> 0.4 | AB34: =IF(AB36<=AB35,AB36,NA()) -> 0.45
X35: POINT | Y35: 0.5 | Z35: 0.5 | AA35: 0.5 | AB35: 0.5
Q36: درصد پیشرفت فونداسیون | R36: =INDEX(Data!$AQ:$BD,MATCH(Data!$F$2,Data!$A:$A,0),6)*100 -> 100 | T36: =INDEX(Data!$AQ:$BD,MATCH(Data!$F$2,Data!$A:$A,0),5)*100 -> 100 | Y36: =INDEX(Data!$BE:$BK,MATCH(Data!$F$2,Data!$BG:$BG,11),4) -> 0.2 | Z36: =INDEX(Data!$BE:$BK,MATCH(Data!$F$2,Data!$BG:$BG,11),5) -> 0.77 | AA36: =INDEX(Data!$BE:$BK,MATCH(Data!$F$2,Data!$BG:$BG,11),6) -> 0.4 | AB36: =INDEX(Data!$BE:$BK,MATCH(Data!$F$2,Data!$BG:$BG,11),7) -> 0.45
Q38: درصد پیشرفت ساخت | R38: =INDEX(Data!$AQ:$BD,MATCH(Data!$F$2,Data!$A:$A,0),8)*100 -> 100 | T38: =INDEX(Data!$AQ:$BD,MATCH(Data!$F$2,Data!$A:$A,0),7)*100 -> 100
Q40: درصد پیشرفت نصب | R40: =INDEX(Data!$AQ:$BD,MATCH(Data!$F$2,Data!$A:$A,0),10)*100 -> 100 | T40: =INDEX(Data!$AQ:$BD,MATCH(Data!$F$2,Data!$A:$A,0),9)*100 -> 100
Q42: درصد پیشرفت سفت کاری | R42: =INDEX(Data!$AQ:$BD,MATCH(Data!$F$2,Data!$A:$A,0),12)*100 -> 100 | T42: =INDEX(Data!$AQ:$BD,MATCH(Data!$F$2,Data!$A:$A,0),11)*100 -> 100
Q44: درصد پیشرفت نازک کاری | R44: =INDEX(Data!$AQ:$BD,MATCH(Data!$F$2,Data!$A:$A,0),14)*100 -> 100 | T44: =INDEX(Data!$AQ:$BD,MATCH(Data!$F$2,Data!$A:$A,0),13)*100 -> 100
